모범음식점,김태완의초밥좋은날,02  923 8628,"서울특별시 성북구 동소문로20길 28-4, (동소문동5가, 2층)"
모범음식점,정릉곤드레밥,,"서울특별시 성북구 보국문로18가길 5-13, (정릉동)"
모범음식점,만복식당,,"서울특별시 성북구 개운사길 34, 지1층 (안암동5가)"
모범음식점,치폴레옹(고려대점),,"서울특별시 성북구 인촌로24길 45, 2층 (안암동5가)"
모범음식점,원진노기순청국장,02  925 5733,"서울특별시 성북구 안암로9가길 94, 1층 (안암동5가)"
모범음식점,담소면옥,02  982 5070,"서울특별시 성북구 솔샘로 71, (정릉동,1층)"
모범음식점,담소면옥,02  982 5070,"서울특별시 성북구 솔샘로 71, (정릉동,1층)"
모범음식점,약산 전통육개장 흑염소 전문점,02  982 5070,"서울특별시 성북구 솔샘로 71, (정릉동,1층)"
모범음식점,약산 전통육개장 흑염소 전문점,02  982 5070,"서울특별시 성북구 솔샘로 71, (정릉동,1층)"
모범음식점,기찬 전통육개장 흑염소 전문점,02  982 5070,"서울특별시 성북구 솔샘로 71, (정릉동,1층)"
모범음식점,기찬 전통육개장 흑염소 전문점,02  982 5070,"서울특별시 성북구 솔샘로 71, (정릉동,1층)"
모범음식점,유자유 김치떡볶이,02  928 7754,"서울특별시 성북구 인촌로24길 48, 2층 (안암동5가)"
모범음식점,만복식당(성신여대점),02  923 8628,"서울특별시 성북구 동소문로20길 28-4, (동소문동5가, 2층)"
모범음식점,만복식당(성신여대점),02  923 8628,"서울특별시 성북구 동소문로20길 28-4, (동소문동5가, 2층)"
모범음식점,만복식당(성신여대점),02  923 8628,"서울특별시 성북구 동소문로20길 28-4, (동소문동5가, 2층)"
모범음식점,만복식당(성신여대점),02  923 8628,"서울특별시 성북구 동소문로20길 28-4, (동소문동5가, 2층)"
모범음식점,김태완의초밥좋은날,02  923 8628,"서울특별시 성북구 동소문로20길 28-4, (동소문동5가, 2층)"
모범음식점,김태완의초밥좋은날,02  923 8628,"서울특별시 성북구 동소문로20길 28-4, (동소문동5가, 2층)"
모범음식점,녹천,02 7478005,"서울특별시 성북구 동소문로2길 51, (동소문동2가)"
모범음식점,녹천,02 7478005,"서울특별시 성북구 동소문로2길 51, (동소문동2가)"
모범음식점,화끈한동태요리집,02 7478005,"서울특별시 성북구 동소문로2길 51, (동소문동2가)"
모범음식점,화끈한동태요리집,02 7478005,"서울특별시 성북구 동소문로2길 51, (동소문동2가)"
모범음식점,포앤시드니,02  929 9390,"서울특별시 성북구 보문로34길 77, 2층 (동선동1가)"
모범음식점,할매숯불닭갈비,02 9280210,"서울특별시 성북구 동소문로20길 37-5, 1층 (동선동1가)"
모범음식점,엉터리생고기,,"서울특별시 성북구 오패산로 98-8, (하월곡동,지상1층)"
모범음식점,엉터리생고기,,"서울특별시 성북구 오패산로 98-8, (하월곡동,지상1층)"
모범음식점,용주 한방삼계탕,,"서울특별시 성북구 오패산로 98-8, (하월곡동,지상1층)"
모범음식점,용주 한방삼계탕,,"서울특별시 성북구 오패산로 98-8, (하월곡동,지상1층)"
모범음식점,담소 소사골 순대 성북구청점,,"서울특별시 성북구 보문로 144, (보문동1가, 외 1필지 보문뉴타운)"
모범음식점,담소 소사골 순대 성북구청점,,"서울특별시 성북구 보문로 144, (보문동1가, 외 1필지 보문뉴타운)"
모범음식점,제주고깃집,,"서울특별시 성북구 보문로 144, (보문동1가, 외 1필지 보문뉴타운)"
모범음식점,제주고깃집,,"서울특별시 성북구 보문로 144, (보문동1가, 외 1필지 보문뉴타운)"
모범음식점,초밥좋은날 시즌투(Ⅱ),02  923 8628,"서울특별시 성북구 동소문로20길 28-4, (동소문동5가, 2층)"
모범음식점,초밥좋은날 시즌투(Ⅱ),02  923 8628,"서울특별시 성북구 동소문로20길 28-4, (동소문동5가, 2층)"
모범음식점,초밥좋은날 시즌투(Ⅱ),02  923 8628,"서울특별시 성북구 동소문로20길 28-4, (동소문동5가, 2층)"
모범음식점,초밥좋은날 시즌투(Ⅱ),02  923 8628,"서울특별시 성북구 동소문로20길 28-4, (동소문동5가, 2층)"
모범음식점,김태완의초밥좋은날,02  923 8628,"서울특별시 성북구 동소문로20길 28-4, (동소문동5가, 2층)"
모범음식점,신명가해물짬뽕,,"서울특별시 성북구 오패산로 13, (하월곡동)"
모범음식점,신명가해물짬뽕,,"서울특별시 성북구 오패산로 13, (하월곡동)"
모범음식점,명가해물짬뽕전문점,,"서울특별시 성북구 오패산로 13, (하월곡동)"
모범음식점,명가해물짬뽕전문점,,"서울특별시 성북구 오패산로 13, (하월곡동)"
모범음식점,스시엠(M),,"서울특별시 성북구 보문로 91, 201호 (보문동5가)"
모범음식점,스시엠(M),,"서울특별시 성북구 보문로 91, 201호 (보문동5가)"
모범음식점,스시엠(M),,"서울특별시 성북구 보문로 91, 201호 (보문동5가)"
모범음식점,간지,,"서울특별시 성북구 보문로 91, 201호 (보문동5가)"
모범음식점,간지,,"서울특별시 성북구 보문로 91, 201호 (보문동5가)"
모범음식점,간지,,"서울특별시 성북구 보문로 91, 201호 (보문동5가)"
모범음식점,요이사카나(よい魚),,"서울특별시 성북구 보문로 91, 201호 (보문동5가)"
모범음식점,요이사카나(よい魚),,"서울특별시 성북구 보문로 91, 201호 (보문동5가)"
모범음식점,요이사카나(よい魚),,"서울특별시 성북구 보문로 91, 201호 (보문동5가)"
모범음식점,중경당,,"서울특별시 성북구 창경궁로43길 30, 1층 (성북동1가)"
모범음식점,유정식당,02 9286256,"서울특별시 성북구 북악산로29길 21, (종암동)"
모범음식점,도쿄커틀릿,02 9299292,"서울특별시 성북구 동소문로22길 57-1, (동선동2가)"
모범음식점,스시바,02  925 2255,"서울특별시 성북구 인촌로28길 16, (안암동5가, 안암랜드빌딩1층)"
모범음식점,육쌈냉면,,"서울특별시 성북구 인촌로24길 6, (안암동5가)"
모범음식점,역전할머니맥주,02 9218418,"서울특별시 성북구 고려대로24길 14, 1층 (안암동5가)"
모범음식점,역전할머니맥주,02 9218418,"서울특별시 성북구 고려대로24길 14, 1층 (안암동5가)"
모범음식점,숙성의미(고대점),02 9218418,"서울특별시 성북구 고려대로24길 14, 1층 (안암동5가)"
모범음식점,숙성의미(고대점),02 9218418,"서울특별시 성북구 고려대로24길 14, 1층 (안암동5가)"
모범음식점,서래갈매기(고대점),02 9218418,"서울특별시 성북구 고려대로24길 14, 1층 (안암동5가)"
모범음식점,서래갈매기(고대점),02 9218418,"서울특별시 성북구 고려대로24길 14, 1층 (안암동5가)"
모범음식점,내가찜한닭,,"서울특별시 성북구 고려대로24길 32, 칠보빌딩 2층 (안암동5가)"
모범음식점,내가찜한닭,,"서울특별시 성북구 고려대로24길 32, 칠보빌딩 2층 (안암동5가)"
모범음식점,역전할머니맥주 고대점,02 9218418,"서울특별시 성북구 고려대로24길 14, 1층 (안암동5가)"
모범음식점,역전할머니맥주 고대점,02 9218418,"서울특별시 성북구 고려대로24길 14, 1층 (안암동5가)"
모범음식점,태조집 태조감자국 성신여대점,02  921 7667,"서울특별시 성북구 보문로34길 43, (동선동1가)"
모범음식점,가나다라생고기,,"서울특별시 성북구 성북로4길 52, 스포츠센타동 5103호 (돈암동, 한신한진아파트)"
모범음식점,이세(李世)돈가스전문점,,"서울특별시 성북구 개운사길 32, 1층 (안암동5가)"
모범음식점,미운오리,02  923 9999,"서울특별시 성북구 보문로 123, (보문동2가,(1층))"
모범음식점,본샤브칼국수,02 951 188,"서울특별시 성북구 인촌로24길 16, (안암동5가)"
모범음식점,모심,02  953 0333,"서울특별시 성북구 개운사길 8, 3층 (안암동5가)"
모범음식점,전주완산골,02 9535311,"서울특별시 성북구 고려대로 84, (안암동5가)"
모범음식점,보리보리시골밥상,,"서울특별시 성북구 솔샘로1길 19, (정릉동)"
모범음식점,칠백집,02 9263273,"서울특별시 성북구 보문로30길 39, 1층 (동선동2가)"
모범음식점,성북동사람들박앤윤,,"서울특별시 성북구 대사관로 40, 지상1,2,3층 (성북동)"
모범음식점,성북동사람들박앤윤,,"서울특별시 성북구 대사관로 40, 지상1,2,3층 (성북동)"
모범음식점,칠백집서울껍데기,02 9263273,"서울특별시 성북구 보문로30길 39, 1층 (동선동2가)"
모범음식점,칠백집서울껍데기,02 9263273,"서울특별시 성북구 보문로30길 39, 1층 (동선동2가)"
모범음식점,칠백집,02 9263273,"서울특별시 성북구 보문로30길 39, 1층 (동선동2가)"
모범음식점,매스플레이트,02  921 4940,"서울특별시 성북구 개운사길 18, (안암동5가, 2층)"
모범음식점,매스플레이트,02  921 4940,"서울특별시 성북구 개운사길 18, (안암동5가, 2층)"
모범음식점,미각,,"서울특별시 성북구 인촌로24길 44, (안암동5가)"
모범음식점,만선참치,02 9263733,"서울특별시 성북구 동소문로20길 29-7, (동선동1가,태백빌딩)"
모범음식점,주)대게축제,,"서울특별시 성북구 한천로 595, (석관동,(지하178.08㎡,지상1층 184.33㎡,지상2층 199.45㎡))"
모범음식점,주)대게축제,,"서울특별시 성북구 한천로 595, (석관동,(지하178.08㎡,지상1층 184.33㎡,지상2층 199.45㎡))"
모범음식점,주)대게축제,,"서울특별시 성북구 한천로 595, (석관동,(지하178.08㎡,지상1층 184.33㎡,지상2층 199.45㎡))"
모범음식점,(주)삼대족발(석관점),,"서울특별시 성북구 한천로 595, (석관동,(지하178.08㎡,지상1층 184.33㎡,지상2층 199.45㎡))"
모범음식점,(주)삼대족발(석관점),,"서울특별시 성북구 한천로 595, (석관동,(지하178.08㎡,지상1층 184.33㎡,지상2층 199.45㎡))"
모범음식점,(주)삼대족발(석관점),,"서울특별시 성북구 한천로 595, (석관동,(지하178.08㎡,지상1층 184.33㎡,지상2층 199.45㎡))"
모범음식점,삼대족발(석관점),,"서울특별시 성북구 한천로 595, (석관동,(지하178.08㎡,지상1층 184.33㎡,지상2층 199.45㎡))"
모범음식점,삼대족발(석관점),,"서울특별시 성북구 한천로 595, (석관동,(지하178.08㎡,지상1층 184.33㎡,지상2층 199.45㎡))"
모범음식점,삼대족발(석관점),,"서울특별시 성북구 한천로 595, (석관동,(지하178.08㎡,지상1층 184.33㎡,지상2층 199.45㎡))"
모범음식점,창신동매운족발 석계점,02  959 8033,"서울특별시 성북구 한천로78길 52, (석관동)"
모범음식점,가부,,"서울특별시 성북구 보문로 182, 1층 (삼선동4가)"
모범음식점,갈비애드림,,"서울특별시 성북구 보문로 149, 1층 (삼선동5가)"
모범음식점,갈비애드림,,"서울특별시 성북구 보문로 149, 1층 (삼선동5가)"
모범음식점,오소오소양대창전문점,,"서울특별시 성북구 보문로 149, 1층 (삼선동5가)"
모범음식점,오소오소양대창전문점,,"서울특별시 성북구 보문로 149, 1층 (삼선동5가)"
모범음식점,오소오소양대창전문점,,"서울특별시 성북구 보문로 149, 1층 (삼선동5가)"
모범음식점,구어줘 양대창집,,"서울특별시 성북구 보문로 149, 1층 (삼선동5가)"
모범음식점,구어줘 양대창집,,"서울특별시 성북구 보문로 149, 1층 (삼선동5가)"
모범음식점,구어줘 양대창집,,"서울특별시 성북구 보문로 149, 1층 (삼선동5가)"
모범음식점,갈비애드림,,"서울특별시 성북구 보문로 149, 1층 (삼선동5가)"
모범음식점,참이맛감자탕(정릉점),02  912 2001,"서울특별시 성북구 솔샘로25길 20, 정릉풍림상가 상가1동 108-1호 (정릉동)"
모범음식점,참이맛감자탕(정릉점),02  912 2001,"서울특별시 성북구 솔샘로25길 20, 상가2동 101호 (정릉동, 정릉풍림아이원)"
모범음식점,석계 창신동 매운족발 1호점,02  966 9923,"서울특별시 성북구 한천로78길 57, (석관동,지상1층)"
모범음식점,혜화면옥,,"서울특별시 성북구 보문로 193-1, (삼선동4가, 1층)"
모범음식점,대왕참치,02  921 3785,"서울특별시 성북구 종암로19길 6, 2층 (종암동)"
모범음식점,전원주의손큰할매순대국국민대점,,"서울특별시 성북구 정릉로 169, 1층 (정릉동)"
모범음식점,장운산꽃게,02 9427735,"서울특별시 성북구 오패산로 12, (하월곡동,,26,27)"
모범음식점,해미수산,02  922 7471,"서울특별시 성북구 종암로21길 53, (종암동,1층)"
모범음식점,화통집(성북구청점),,"서울특별시 성북구 보문로 149, 1층 (삼선동5가)"
모범음식점,화통집(성북구청점),,"서울특별시 성북구 보문로 149, 1층 (삼선동5가)"
모범음식점,화통집(성북구청점),,"서울특별시 성북구 보문로 149, 1층 (삼선동5가)"
모범음식점,미각아구동태탕,,"서울특별시 성북구 보국문로 54-1, (정릉동,(지상1층))"
모범음식점,조선화로구이,,"서울특별시 성북구 북악산로 851, 상가동 204,205,206호 (정릉동, e-편한세상)"
모범음식점,조선화로구이,,"서울특별시 성북구 북악산로 851, 상가동 204,205,206호 (정릉동, e-편한세상)"
모범음식점,미각아구동태탕,,"서울특별시 성북구 보국문로 54-1, (정릉동,(지상1층))"
모범음식점,신)마포갈매기정릉점,,"서울특별시 성북구 보국문로 54-1, (정릉동,(지상1층))"
모범음식점,어촌,02  927 6095,"서울특별시 성북구 성북로4길 52, (돈암동, 한신한진@스포츠센타 5105호)"
모범음식점,씽푸,,"서울특별시 성북구 동소문로10길 6, (동소문동3가)"
모범음식점,장충당 월곡점,,"서울특별시 성북구 장월로1길 106, (하월곡동,외2필지 (지상1층))"
모범음식점,장충당 월곡점,,"서울특별시 성북구 장월로1길 106, (하월곡동,외2필지 (지상1층))"
모범음식점,대포항회집,,"서울특별시 성북구 장월로1길 106, (하월곡동,외2필지 (지상1층))"
모범음식점,대포항회집,,"서울특별시 성북구 장월로1길 106, (하월곡동,외2필지 (지상1층))"
모범음식점,신)마포갈매기정릉점,,"서울특별시 성북구 보국문로 54-1, (정릉동,(지상1층))"
모범음식점,돈까스캠프,,"서울특별시 성북구 솔샘로 73-8, (정릉동)"
모범음식점,성가네낙지마을,,"서울특별시 성북구 화랑로 236, (석관동)"
모범음식점,채움늘,02  910 8182,"서울특별시 성북구 정릉로9길 36, (정릉동)"
모범음식점,오샬(OTSAL),0260846527,"서울특별시 성북구 인촌로24길 6, (안암동5가,(3층))"
모범음식점,한근더한근,02 9188999,"서울특별시 성북구 한천로 605, 101호 (장위동, 태산빌딩)"
모범음식점,채화정&청정,02 9128333,"서울특별시 성북구 오패산로3길 9, (하월곡동)"
모범음식점,채화정,02 9128333,"서울특별시 성북구 오패산로3길 9, (하월곡동)"
모범음식점,동해해물탕,02  929 9615,"서울특별시 성북구 삼선교로 75-1, (삼선동4가,(1층))"
모범음식점,초림정,02  953 8808,"서울특별시 성북구 동소문로 181, (돈암동, 101호)"
모범음식점,청록원,02  955 0550,"서울특별시 성북구 솔샘로1길 19, (정릉동)"
모범음식점,해송,,"서울특별시 성북구 동소문로20길 37-10, (동선동1가,외1필지(70) 2층)"
모범음식점,무등산참숯갈비,02 9250062,"서울특별시 성북구 개운사길 15, (안암동5가,왕림빌딩1층)"
모범음식점,맛깔참죽(정릉점),,"서울특별시 성북구 정릉로 276, (정릉동)"
모범음식점,성북동섭지코지,0236735600,"서울특별시 성북구 성북로 118-5, (성북동)"
모범음식점,베나레스(Benares),02  921 9982,"서울특별시 성북구 인촌로24길 27, (안암동5가)"
모범음식점,화로구이조선,02 9538805,"서울특별시 성북구 종암로 129, (종암동)"
모범음식점,성북동참치,02 6763252,"서울특별시 성북구 성북로 22, (성북동)"
모범음식점,안동할매청국장,02 7438104,"서울특별시 성북구 성북로5길 9-3, (성북동1가,(1층))"
모범음식점,삽교원조두리곱창,02 9114881,"서울특별시 성북구 장월로1길 57, (상월곡동)"
모범음식점,큰대문집,02 9130901,"서울특별시 성북구 종암로14길 6-21, (종암동)"
모범음식점,갈비둥지 어해랑,02 916 7733,"서울특별시 성북구 장위로 145, 2층 (장위동)"
모범음식점,갈비둥지 어해랑,02 916 7733,"서울특별시 성북구 장위로 145, 2층 (장위동)"
모범음식점,갈비둥지 어해랑,02 916 7733,"서울특별시 성북구 장위로 145, (장위동)"
모범음식점,가재야,02 9535545,"서울특별시 성북구 보문로 163, (삼선동5가)"
모범음식점,갈비둥지 어해랑,02 916 7733,"서울특별시 성북구 장위로 145, (장위동)"
모범음식점,갈비둥지 어해랑,02 916 7733,"서울특별시 성북구 장위로 145, 2층 (장위동)"
모범음식점,더씨(The C),02  929 1259,"서울특별시 성북구 개운사길 8, (안암동5가, 외5필지 2층)"
모범음식점,갈비둥지 어해랑,02 916 7733,"서울특별시 성북구 장위로 145, (장위동)"
모범음식점,갈비둥지 어해랑,02 916 7733,"서울특별시 성북구 장위로 145, 2층 (장위동)"
모범음식점,본죽&비빔밥 고려대점,02 9217921,"서울특별시 성북구 고려대로 90, (안암동5가)"
모범음식점,곰탕집,0260825506,"서울특별시 성북구 동소문로17길 1, (동소문동6가,(지상1층))"
모범음식점,향나무집,02  929 0720,"서울특별시 성북구 인촌로22길 5, (안암동5가)"
모범음식점,갈비둥지 어해랑,02 916 7733,"서울특별시 성북구 장위로 145, (장위동)"
모범음식점,한우설렁탕,02  926 7766,"서울특별시 성북구 삼선교로 85, (삼선동4가,(1층))"
모범음식점,조마루뼈다귀전문점,0209696953,"서울특별시 성북구 화랑로 262, (석관동)"
모범음식점,순두부와빈대떡마을,02 9294113,
모범음식점,최네집부대찌개,02 9294113,
모범음식점,채선당,02 9241034,"서울특별시 성북구 정릉로 376, (돈암동,외2필지(-7,-9))"
모범음식점,채선당(길음점),02 9241034,"서울특별시 성북구 정릉로 376, (돈암동,외2필지(-7,-9))"
모범음식점,채선당(길음점),02 9241034,"서울특별시 성북구 정릉로 376, (돈암동,외2필지(-7,-9))"
모범음식점,채선당 길음점,02 9241034,"서울특별시 성북구 정릉로 376, (돈암동,외2필지(-7,-9))"
모범음식점,채선당 길음점,02 9241034,"서울특별시 성북구 정릉로 376, (돈암동,외2필지(-7,-9))"
모범음식점,채선당 길음점,02 9241034,"서울특별시 성북구 정릉로 376, (돈암동,외2필지(-7,-9))"
모범음식점,채선당샤브&월남쌈&쭈꾸미&육회,02 9241034,"서울특별시 성북구 정릉로 376, (돈암동,외2필지(-7,-9))"
모범음식점,채선당샤브&월남쌈&쭈꾸미&육회,02 9241034,"서울특별시 성북구 정릉로 376, (돈암동,외2필지(-7,-9))"
모범음식점,채선당샤브&월남쌈&쭈꾸미&육회,02 9241034,"서울특별시 성북구 정릉로 376, (돈암동,외2필지(-7,-9))"
모범음식점,국화정원,02 7410020,
모범음식점,채선당,02 9241034,"서울특별시 성북구 정릉로 376, (돈암동,외2필지(-7,-9))"
모범음식점,채선당,02 9241034,"서울특별시 성북구 정릉로 376, (돈암동,외2필지(-7,-9))"
모범음식점,채선당(길음점),02 9241034,"서울특별시 성북구 정릉로 376, (돈암동,외2필지(-7,-9))"
모범음식점,이웃사촌,02 9652547,"서울특별시 성북구 화랑로 280, (석관동)"
모범음식점,(주)한스갤러리앤코,02941 1141,"서울특별시 성북구 정릉로10길 127, (정릉동)"
모범음식점,선창연가,02 9294994,
모범음식점,(주)한스갤러리앤코,02941 1141,"서울특별시 성북구 정릉로10길 127, (정릉동)"
모범음식점,춘향골남원추어탕 성북구청점,02 9536688,"서울특별시 성북구 보문로 167, (삼선동5가)"
모범음식점,반월,02 9410308,"서울특별시 성북구 월곡로 29, (종암동)"
모범음식점,거산프라자다원,02 9110346,"서울특별시 성북구 종암로 18, (종암동)"
모범음식점,원조마포소금구이,02   9698292,"서울특별시 성북구 화랑로40길 55, (석관동)"
모범음식점,등촌샤브칼국수,02 9295538,"서울특별시 성북구 개운사길 11, (안암동5가)"
모범음식점,은하수식당,02 9289381,"서울특별시 성북구 동소문로20길 37-22, 1층 (동선동1가)"
모범음식점,은하수식당,02 9289381,"서울특별시 성북구 동소문로20길 37-22, 1층 (동선동1가)"
모범음식점,봉추찜닭,02 9289381,"서울특별시 성북구 동소문로20길 37-22, 1층 (동선동1가)"
모범음식점,용범이네 인계동껍데기 성신여대점,02 9289381,"서울특별시 성북구 동소문로20길 37-22, 1층 (동선동1가)"
모범음식점,봉추찜닭,02 9289381,"서울특별시 성북구 동소문로20길 37-22, 1층 (동선동1가)"
모범음식점,용범이네 인계동껍데기 성신여대점,02 9289381,"서울특별시 성북구 동소문로20길 37-22, 1층 (동선동1가)"
모범음식점,곱도리식당 성신여대점,02 9289381,"서울특별시 성북구 동소문로20길 37-22, 1층 (동선동1가)"
모범음식점,곱도리식당 성신여대점,02 9289381,"서울특별시 성북구 동소문로20길 37-22, 1층 (동선동1가)"
모범음식점,메밀촌,02  916 2141,"서울특별시 성북구 화랑로25길 17, (상월곡동)"
모범음식점,메밀촌,02  916 2141,"서울특별시 성북구 화랑로25길 17, (상월곡동)"
모범음식점,금왕돈까스,0207642691,"서울특별시 성북구 성북로 138, (성북동)"
모범음식점,한강,02 7474004,"서울특별시 성북구 창경궁로43길 17, (성북동1가)"
모범음식점,큰솥감자탕,02 9212302,"서울특별시 성북구 동소문로24길 31, (동선동1가,1층)"
모범음식점,꿈꾸는이상(주) 갈비명가이상돈암본관,02  925 8700,"서울특별시 성북구 정릉로 364, (돈암동)"
모범음식점 취소업소,안동한우,부적합,"서울특별시 성북구 동소문로13길 13, (동소문동4가,외 1필지)"
모범음식점 취소업소,안동한우,부적합,"서울특별시 성북구 동소문로13길 13, 1층 (동소문동4가)"
모범음식점 취소업소,넘버팔오(NO.85),부적합,"서울특별시 성북구 인촌로28길 17, 2층 (안암동5가)"
모범음식점 취소업소,안동한우,부적합,"서울특별시 성북구 동소문로13길 13, 1층 (동소문동4가)"
모범음식점 취소업소,홀짝성북갈비,부적합,"서울특별시 성북구 화랑로 245, (장위동, 지상2층)"
모범음식점 취소업소,즐겨찾기,부적합,"서울특별시 성북구 정릉로9길 37, (정릉동)"
모범음식점 취소업소,안동한우,부적합,"서울특별시 성북구 동소문로13길 13, (동소문동4가,외 1필지)"
모범음식점 취소업소,연드레,재지정 안됨,"서울특별시 성북구 동소문로17길 29, (동소문동6가)"
모범음식점 취소업소,길음정,재지정 안됨,"서울특별시 성북구 동소문로47길 12, 지상2층 (길음동)"
모범음식점 취소업소,적벽가,재지정 안됨,"서울특별시 성북구 동소문로17길 29, (동소문동6가)"
모범음식점 취소업소,적벽가,재지정 안됨,"서울특별시 성북구 동소문로17길 29, (동소문동6가)"
모범음식점 취소업소,적벽가,재지정 안됨,"서울특별시 성북구 동소문로17길 29, (동소문동6가)"
모범음식점 취소업소,적벽가,재지정 안됨,"서울특별시 성북구 동소문로17길 29, (동소문동6가)"
모범음식점 취소업소,연드레,재지정 안됨,"서울특별시 성북구 동소문로17길 29, (동소문동6가)"
모범음식점 취소업소,연드레,재지정 안됨,"서울특별시 성북구 동소문로17길 29, (동소문동6가)"
모범음식점 취소업소,연드레,재지정 안됨,"서울특별시 성북구 동소문로17길 29, (동소문동6가)"
모범음식점 취소업소,길음정,재지정 안됨,"서울특별시 성북구 동소문로 311-5, 1,2층 (길음동)"
모범음식점 취소업소,족발야시장,재지정 안됨,"서울특별시 성북구 보문로34길 35, (동선동1가)"
모범음식점 취소업소,족발야시장,재지정 안됨,"서울특별시 성북구 보문로34길 35, (동선동1가)"
모범음식점 취소업소,족발야시장,재지정 안됨,"서울특별시 성북구 보문로34길 35, (동선동1가)"
모범음식점 취소업소,광주식당,재지정 안됨,"서울특별시 성북구 동소문로47길 12, 지상2층 (길음동)"
모범음식점 취소업소,광주식당,재지정 안됨,"서울특별시 성북구 동소문로 311-5, 1,2층 (길음동)"
모범음식점 취소업소,광주식당,재지정 안됨,"서울특별시 성북구 동소문로47길 12, 지상2층 (길음동)"
모범음식점 취소업소,광주식당,재지정 안됨,"서울특별시 성북구 동소문로 311-5, 1,2층 (길음동)"
모범음식점 취소업소,길음정,재지정 안됨,"서울특별시 성북구 동소문로47길 12, 지상2층 (길음동)"
모범음식점 취소업소,길음정,재지정 안됨,"서울특별시 성북구 동소문로 311-5, 1,2층 (길음동)"
모범음식점 취소업소,콜렉티보 안암설성점,재지정 안됨,"서울특별시 성북구 인촌로27길 6, 2층 (안암동5가)"
모범음식점 취소업소,콜렉티보 안암설성점,재지정 안됨,"서울특별시 성북구 인촌로27길 6, 2층 (안암동5가)"
모범음식점 취소업소,설성,재지정 안됨,"서울특별시 성북구 인촌로27길 6, 2층 (안암동5가)"
모범음식점 취소업소,설성,재지정 안됨,"서울특별시 성북구 인촌로27길 6, 2층 (안암동5가)"
모범음식점 취소업소,부뚜막애(愛)순두부 삼선교점,재지정 안됨,"서울특별시 성북구 삼선교로23길 7, (삼선동4가,(1층))"
모범음식점 취소업소,부뚜막애(愛)순두부 삼선교점,재지정 안됨,"서울특별시 성북구 삼선교로23길 7, (삼선동4가,(1층))"
모범음식점 취소업소,비단갈매기 담마,재지정 안됨,"서울특별시 성북구 삼선교로23길 7, (삼선동4가,(1층))"
모범음식점 취소업소,비단갈매기 담마,재지정 안됨,"서울특별시 성북구 삼선교로23길 7, (삼선동4가,(1층))"
모범음식점 취소업소,다미스카페,재지정 안됨,"서울특별시 성북구 성북로 13, (성북동1가)"
모범음식점 취소업소,다미스카페,재지정 안됨,"서울특별시 성북구 성북로 13, (성북동1가)"
모범음식점 취소업소,고기의잔치,재지정 안됨,"서울특별시 성북구 성북로 13, (성북동1가)"
모범음식점 취소업소,고기의잔치,재지정 안됨,"서울특별시 성북구 성북로 13, (성북동1가)"
모범음식점 취소업소,참맛집,재지정 안됨,"서울특별시 성북구 한천로 620, (장위동)"
모범음식점 취소업소,어바웃샤브돈암점,재지정 안됨,"서울특별시 성북구 북악산로 844, (돈암동, 브라운스톤돈암@상가 101호)"
모범음식점 취소업소,무쏘 월곡역점,재지정 안됨,"서울특별시 성북구 월곡로 108, (하월곡동,2층)"
모범음식점 취소업소,무쏘 월곡역점,재지정 안됨,"서울특별시 성북구 월곡로 108, (하월곡동,2층)"
모범음식점 취소업소,지호한방삼계탕(월곡역점),재지정 안됨,"서울특별시 성북구 월곡로 108, (하월곡동,2층)"
모범음식점 취소업소,지호한방삼계탕(월곡역점),재지정 안됨,"서울특별시 성북구 월곡로 108, (하월곡동,2층)"
모범음식점 취소업소,담소면옥,재지정 안됨,"서울특별시 성북구 솔샘로 71, (정릉동,1층)"
모범음식점 취소업소,담소면옥,재지정 안됨,"서울특별시 성북구 솔샘로 71, (정릉동,1층)"
모범음식점 취소업소,약산 전통육개장 흑염소 전문점,재지정 안됨,"서울특별시 성북구 솔샘로 71, (정릉동,1층)"
모범음식점 취소업소,약산 전통육개장 흑염소 전문점,재지정 안됨,"서울특별시 성북구 솔샘로 71, (정릉동,1층)"
모범음식점 취소업소,기찬 전통육개장 흑염소 전문점,재지정 안됨,"서울특별시 성북구 솔샘로 71, (정릉동,1층)"
모범음식점 취소업소,기찬 전통육개장 흑염소 전문점,재지정 안됨,"서울특별시 성북구 솔샘로 71, (정릉동,1층)"
모범음식점 취소업소,명동칼국수,재지정 안됨,"서울특별시 성북구 인촌로5길 87, 1층 (삼선동5가)"
모범음식점 취소업소,명동칼국수,재지정 안됨,"서울특별시 성북구 인촌로5길 87, 1층 (삼선동5가)"
모범음식점 취소업소,포앤시드니,재지정 안됨,"서울특별시 성북구 보문로34길 77, 2층 (동선동1가)"
모범음식점 취소업소,남촌갈비집,재지정 신청포기,"서울특별시 성북구 장월로1라길 3, (상월곡동,(1층))"
모범음식점 취소업소,남촌집,재지정 신청포기,"서울특별시 성북구 장월로1라길 3, (상월곡동,(1층))"
모범음식점 취소업소,심송갈비,재지정 신청포기,"서울특별시 성북구 보문로 185, (삼선동4가,(지상1층))"
모범음식점 취소업소,꽃중년 푸줏간,재지정 포기,"서울특별시 성북구 정릉로 240, (정릉동)"
모범음식점 취소업소,SELF 장어세상,재지정 포기,"서울특별시 성북구 정릉로 240, (정릉동)"
모범음식점 취소업소,SELF 장어세상,재지정 포기,"서울특별시 성북구 정릉로 240, (정릉동)"
모범음식점 취소업소,소한마리 정육식당 정릉점,재지정 포기,"서울특별시 성북구 정릉로 165, (정릉동,1~3층(3층134㎡))"
모범음식점 취소업소,꽃중년 푸줏간,재지정 포기,"서울특별시 성북구 정릉로 240, (정릉동)"
모범음식점 취소업소,원조나드리장터순대국,행정처분,"서울특별시 성북구 오패산로 22, (하월곡동)"
모범음식점 취소업소,원조나드리장터순대국,행정처분,"서울특별시 성북구 오패산로 22, (하월곡동)"
모범음식점 취소업소,지호한방삼계탕(미아점),행정처분,"서울특별시 성북구 월계로 14, (하월곡동)"
모범음식점 취소업소,육수당,,"서울특별시 성북구 보문로13나길 15, (보문동7가)"
모범음식점 취소업소,조마루감자탕,행정처분,"서울특별시 성북구 보문로 157, (삼선동5가)"
모범음식점 취소업소,화끈한동태요리집,재지정포기,"서울특별시 성북구 동소문로2길 51, (동소문동2가)"
모범음식점 취소업소,일번지정육식당 돌곶이점,,"서울특별시 성북구 화랑로 254, (석관동)"
모범음식점 취소업소,화끈한동태요리집,재지정포기,"서울특별시 성북구 동소문로2길 51, (동소문동2가)"
모범음식점 취소업소,녹천,재지정포기,"서울특별시 성북구 동소문로2길 51, (동소문동2가)"
모범음식점 취소업소,녹천,재지정포기,"서울특별시 성북구 동소문로2길 51, (동소문동2가)"
모범음식점 취소업소,식샤,점검불가,"서울특별시 성북구 성북로5길 15, 1층 (성북동1가)"
모범음식점 취소업소,자연밥상고기쌈밥전문점,지정기준미달,"서울특별시 성북구 성북로2길 24, (동소문동1가)"
모범음식점 취소업소,주식회사 국제 스카이웨이호텔 곰의집,점검불가,"서울특별시 성북구 북악산로 637, (성북동,,11,14)"
모범음식점 취소업소,야요리,점검불가,"서울특별시 성북구 성북로5길 15, 1층 (성북동1가)"
모범음식점 취소업소,식샤,점검불가,"서울특별시 성북구 성북로5길 15, 1층 (성북동1가)"
모범음식점 취소업소,야요리,점검불가,"서울특별시 성북구 성북로5길 15, 1층 (성북동1가)"
모범음식점 취소업소,설성,행정처분,"서울특별시 성북구 인촌로27길 6, 2층 (안암동5가)"
모범음식점 취소업소,설성,행정처분,"서울특별시 성북구 인촌로27길 6, 2층 (안암동5가)"
모범음식점 취소업소,콜렉티보 안암설성점,행정처분,"서울특별시 성북구 인촌로27길 6, 2층 (안암동5가)"
모범음식점 취소업소,콜렉티보 안암설성점,행정처분,"서울특별시 성북구 인촌로27길 6, 2층 (안암동5가)"
모범음식점 취소업소,육백집서울고깃집(한성대점),기준미흡(서울시위생등급평가),"서울특별시 성북구 삼선교로 6-1, 1층 (삼선동1가)"
모범음식점 취소업소,구백집,기준미흡(서울시위생등급평가),"서울특별시 성북구 삼선교로16길 22, (삼선동2가)"
모범음식점 취소업소,신천순대국,기준미흡(서울시위생등급평가),"서울특별시 성북구 동소문로20길 41, (동선동1가)"
모범음식점 취소업소,삼선,기준미흡(서울시위생등급평가),"서울특별시 성북구 삼선교로 6-1, 1층 (삼선동1가)"
모범음식점 취소업소,삼선,기준미흡(서울시위생등급평가),"서울특별시 성북구 삼선교로 6-1, 1층 (삼선동1가)"
모범음식점 취소업소,삼선,기준미흡(서울시위생등급평가),"서울특별시 성북구 삼선교로 6-1, 1층 (삼선동1가)"
모범음식점 취소업소,(주)길품에프엔비(서울고깃집),기준미흡(서울시위생등급평가),"서울특별시 성북구 삼선교로 6-1, 1층 (삼선동1가)"
모범음식점 취소업소,(주)길품에프엔비(서울고깃집),기준미흡(서울시위생등급평가),"서울특별시 성북구 삼선교로 6-1, 1층 (삼선동1가)"
모범음식점 취소업소,(주)길품에프엔비(서울고깃집),기준미흡(서울시위생등급평가),"서울특별시 성북구 삼선교로 6-1, 1층 (삼선동1가)"
모범음식점 취소업소,(주)길품에프엔비(육백집서울고깃집 한성대점),기준미흡(서울시위생등급평가),"서울특별시 성북구 삼선교로 6-1, 1층 (삼선동1가)"
모범음식점 취소업소,(주)길품에프엔비(육백집서울고깃집 한성대점),기준미흡(서울시위생등급평가),"서울특별시 성북구 삼선교로 6-1, 1층 (삼선동1가)"
모범음식점 취소업소,(주)길품에프엔비(육백집서울고깃집 한성대점),기준미흡(서울시위생등급평가),"서울특별시 성북구 삼선교로 6-1, 1층 (삼선동1가)"
모범음식점 취소업소,육백집서울고깃집(한성대점),기준미흡(서울시위생등급평가),"서울특별시 성북구 삼선교로 6-1, 1층 (삼선동1가)"
모범음식점 취소업소,육백집서울고깃집(한성대점),기준미흡(서울시위생등급평가),"서울특별시 성북구 삼선교로 6-1, 1층 (삼선동1가)"
모범음식점 취소업소,온달왕돈까스,지위승계,"서울특별시 성북구 동소문로20가길 4, (동선동1가)"
모범음식점 취소업소,종암식당,모범음식점 기준 미흡,
모범음식점 취소업소,광명수산,모범음식점 기준 미흡,"서울특별시 성북구 동소문로 125, (동선동4가,외2필지 골든타워103,104호)"
모범음식점 취소업소,낙지사랑,모범음식점 기준 미흡,"서울특별시 성북구 종암로 129, (종암동,(2층))"
모범음식점 취소업소,신천순대국,영업자지위승계,"서울특별시 성북구 동소문로20길 41, (동선동1가)"
모범음식점 취소업소,임금님설렁탕,기준미흡,"서울특별시 성북구 종암로22길 7, (종암동,1층)"
모범음식점 취소업소,원조나드리장터순대국,폐업예정,"서울특별시 성북구 오패산로 22, (하월곡동)"
모범음식점 취소업소,원조나드리장터순대국,폐업예정,"서울특별시 성북구 오패산로 22, (하월곡동)"
모범음식점 취소업소,두부촌맷돌할매숨두부,기준미흡,"서울특별시 성북구 안암로 43, (안암동5가)"
모범음식점 취소업소,두부촌맷돌할매숨두부,기준미흡,"서울특별시 성북구 안암로 43, (안암동5가)"
모범음식점 취소업소,100년설렁탕,지위승계,"서울특별시 성북구 삼선교로 38, (삼선동2가)"
모범음식점 취소업소,육수당,지위승계,"서울특별시 성북구 보문로13나길 15, (보문동7가)"
모범음식점 취소업소,내마음의 풍차,기준미흡,"서울특별시 성북구 종암로 107, (종암동)"
모범음식점 취소업소,피쉬마루,기준미흡,"서울특별시 성북구 화랑로40길 53, (석관동)"
모범음식점 취소업소,피쉬마루,기준미흡,"서울특별시 성북구 화랑로40길 53, (석관동)"
모범음식점 취소업소,남원추어탕,기준미흡,"서울특별시 성북구 돌곶이로28길 10, (장위동)"
모범음식점 취소업소,쌍둥이네고기집,기준미흡,"서울특별시 성북구 화랑로19길 73, (장위동)"
모범음식점 취소업소,삼홍생고기전문점,취소요구,"서울특별시 성북구 삼선교로 75, (삼선동4가)"
모범음식점 취소업소,유천 칡 냉면,기준미흡,"서울특별시 성북구 종암로 160, (하월곡동)"
모범음식점 취소업소,담소사골순대 월곡역점,기준미흡,"서울특별시 성북구 화랑로 102, (하월곡동)"
모범음식점 취소업소,성한가든,기준미흡,"서울특별시 성북구 삼선교로 40, 1층 (삼선동2가)"
모범음식점 취소업소,임금님설렁탕,기준미흡,"서울특별시 성북구 종암로22길 7, (종암동,1층)"
모범음식점 취소업소,숯불과 닭갈비,기준미흡,
모범음식점 취소업소,구미가,기준미흡,"서울특별시 성북구 장월로 136, (장위동)"
모범음식점 취소업소,고려성,기준미흡,"서울특별시 성북구 안암로 69-1, (안암동5가)"
모범음식점 취소업소,고려성,기준미흡,"서울특별시 성북구 안암로 69-1, (안암동5가)"
모범음식점 취소업소,뜨락,기준미흡,"서울특별시 성북구 지봉로24길 3, (보문동2가)"
모범음식점 취소업소,풍문,기준미흡,"서울특별시 성북구 종암로21길 15, (종암동)"
모범음식점 취소업소,남원추어탕,기준미흡,"서울특별시 성북구 장위로 93, (장위동)"
모범음식점 취소업소,대패꽃필무렵,기준미흡,"서울특별시 성북구 화랑로19길 73, (장위동)"
모범음식점 취소업소,대패꽃필무렵,기준미흡,"서울특별시 성북구 화랑로19길 73, (장위동)"
모범음식점 취소업소,쌍둥이네고기집,기준미흡,"서울특별시 성북구 화랑로19길 73, (장위동)"
모범음식점 취소업소,상해 손칼국수,영업자지위승계,"서울특별시 성북구 장월로1길 112, (하월곡동)"
모범음식점 취소업소,금테두른구공탄,영업자지위승계,"서울특별시 성북구 월곡로5길 63, (종암동)"
모범음식점 취소업소,옛날농장,행정처분(영업정지),"서울특별시 성북구 동소문로 325, (길음동)"
모범음식점 취소업소,그린피그왕갈비,기준미흡,"서울특별시 성북구 오패산로3길 5, (하월곡동,(지하1층,지상1,2층))"
모범음식점 취소업소,무교동낙지.해초나라,기준미흡,"서울특별시 성북구 화랑로 255-3, (장위동)"
모범음식점 취소업소,야야(YAYA),주류위주판매업소,"서울특별시 성북구 화랑로 103, (하월곡동,,17-9)"
모범음식점 취소업소,다감삼대국밥,기준미흡,"서울특별시 성북구 보국문로16길 10, (정릉동)"
모범음식점 취소업소,하남돼지집 정릉점,기준미흡,"서울특별시 성북구 정릉로 250, (정릉동,외5필지)"
모범음식점 취소업소,산천골양푼이동태요리전문점,기준미흡,"서울특별시 성북구 한천로76길 56, (석관동)"
모범음식점 취소업소,산천골양푼이동태요리전문점,기준미흡,"서울특별시 성북구 한천로78길 71, 선우빌딩 3층 (석관동)"
모범음식점 취소업소,태성식당,기준미흡,"서울특별시 성북구 화랑로33길 38, (장위동)"
모범음식점 취소업소,바다향,기준미흡,"서울특별시 성북구 보국문로 150, (정릉동)"
모범음식점 취소업소,청목,기준미흡,"서울특별시 성북구 화랑로21길 64, (상월곡동)"
모범음식점 취소업소,청목,기준미흡,"서울특별시 성북구 화랑로21길 64, (상월곡동)"
모범음식점 취소업소,한우궁,기준미흡,"서울특별시 성북구 보국문로16길 10, (정릉동)"
모범음식점 취소업소,한우궁,기준미흡,"서울특별시 성북구 보국문로16길 10, (정릉동)"
모범음식점 취소업소,곤지암한우소머리국밥 정릉점,기준미흡,"서울특별시 성북구 보국문로16길 10, (정릉동)"
모범음식점 취소업소,곤지암한우소머리국밥 정릉점,기준미흡,"서울특별시 성북구 보국문로16길 10, (정릉동)"
모범음식점 취소업소,다감삼대국밥,기준미흡,"서울특별시 성북구 보국문로16길 10, (정릉동)"
모범음식점 취소업소,청진동해장국,영업자지위승계,"서울특별시 성북구 정릉로44길 7, (돈암동,돈암현대아파트2블럭나동지하1층31호)"
모범음식점 취소업소,소울키친,영업자지위승계,"서울특별시 성북구 고려대로24길 58-5, (102-104, 106호) (안암동5가)"
모범음식점 취소업소,소울키친,영업자지위승계,"서울특별시 성북구 고려대로24길 58-5, (102-104, 106호) (안암동5가)"
모범음식점 취소업소,소울키친,영업자지위승계,"서울특별시 성북구 고려대로24길 58-5, (102-104, 106호) (안암동5가)"
모범음식점 취소업소,소울키친,영업자지위승계,"서울특별시 성북구 고려대로24길 58-5, (102-104, 106호) (안암동5가)"
모범음식점 취소업소,스시히카리,영업자지위승계,"서울특별시 성북구 정릉로 255-4, 1층 (정릉동)"
모범음식점 취소업소,춘자,행정처분,"서울특별시 성북구 인촌로26길 45-4, (안암동5가)"
모범음식점 취소업소,춘자,행정처분,"서울특별시 성북구 인촌로26길 45-4, (안암동5가)"
모범음식점 취소업소,춘자,행정처분,"서울특별시 성북구 인촌로26길 45-4, (안암동5가)"
모범음식점 취소업소,랍스타바다,행정처분,"서울특별시 성북구 인촌로26길 45-4, (안암동5가)"
모범음식점 취소업소,랍스타바다,행정처분,"서울특별시 성북구 인촌로26길 45-4, (안암동5가)"
모범음식점 취소업소,랍스타바다,행정처분,"서울특별시 성북구 인촌로26길 45-4, (안암동5가)"
모범음식점 취소업소,안암동닭한마리,영업자지위승계,"서울특별시 성북구 안암로 71, (안암동5가,1층)"
모범음식점 취소업소,안암동닭한마리,영업자지위승계,"서울특별시 성북구 안암로 71, (안암동5가,1층)"
모범음식점 취소업소,양산박,배달전문,"서울특별시 성북구 솔샘로24길 63, (정릉동)"
모범음식점 취소업소,미가,기준미흡,"서울특별시 성북구 종암로 37, (종암동,,57)"
모범음식점 취소업소,금한우,기준미흡,"서울특별시 성북구 고려대로7길 100, 1층 (동선동2가)"
모범음식점 취소업소,미가,기준미흡,"서울특별시 성북구 종암로21길 37, 1층 (종암동)"
모범음식점 취소업소,대돈단결,기준미흡,"서울특별시 성북구 고려대로7길 100, 1층 (동선동2가)"
모범음식점 취소업소,대돈단결,기준미흡,"서울특별시 성북구 고려대로7길 100, 1층 (동선동2가)"
모범음식점 취소업소,쉘브르,기준미흡,"서울특별시 성북구 종암로22길 21, (종암동,,222)"
모범음식점 취소업소,이가네정육식당,기준미흡,"서울특별시 성북구 숭인로 66-1, 1층 (길음동)"
모범음식점 취소업소,양지식당,혐오식품판매,"서울특별시 성북구 장월로 79, (장위동)"
모범음식점 취소업소,청송식당,기준미흡,"서울특별시 성북구 종암로 37, (종암동,,57)"
모범음식점 취소업소,키웨스트 커피,기준미흡,"서울특별시 성북구 보국문로16길 2, (정릉동)"
모범음식점 취소업소,청송식당,기준미흡,"서울특별시 성북구 종암로21길 37, 1층 (종암동)"
모범음식점 취소업소,두끼(성신여대점),기준미흡,
모범음식점 취소업소,금한우,기준미흡,"서울특별시 성북구 고려대로7길 100, 1층 (동선동2가)"
모범음식점 취소업소,고려한방삼계탕,영업자지위승계,"서울특별시 성북구 삼선교로 84, 1층 (삼선동5가)"
모범음식점 취소업소,서울닭한마리,영업자지위승계,"서울특별시 성북구 길음로 2, (길음동)"
모범음식점 취소업소,태조집 태조감자국 성신여대점,영업자지위승계,"서울특별시 성북구 보문로34길 43, (동선동1가)"
모범음식점 취소업소,태평양식당,영업자지위승계,"서울특별시 성북구 보국문로16길 74-1, (정릉동,,270-7,976-23,42)"
모범음식점 취소업소,곤지암소머리국밥,영업자지위승계,"서울특별시 성북구 보문로 141-2, 1층 (보문동2가)"
모범음식점 취소업소,곤지암소머리국밥,영업자지위승계,"서울특별시 성북구 솔샘로 5, (정릉동)"
모범음식점 취소업소,곤지암소머리국밥,영업자지위승계,"서울특별시 성북구 솔샘로 5, (정릉동)"
모범음식점 취소업소,망고치즈돈까스,영업자지위승계,"서울특별시 성북구 보문로 141-2, 1층 (보문동2가)"
모범음식점 취소업소,망고치즈돈까스,영업자지위승계,"서울특별시 성북구 보문로 141-2, 1층 (보문동2가)"
모범음식점 취소업소,망고치즈돈까스,영업자지위승계,"서울특별시 성북구 솔샘로 5, (정릉동)"
모범음식점 취소업소,망고치즈돈까스,영업자지위승계,"서울특별시 성북구 솔샘로 5, (정릉동)"
모범음식점 취소업소,망고치즈돈까스,영업자지위승계,"서울특별시 성북구 보문로 141-2, 1층 (보문동2가)"
모범음식점 취소업소,망고치즈돈까스,영업자지위승계,"서울특별시 성북구 보문로 141-2, 1층 (보문동2가)"
모범음식점 취소업소,망고치즈돈까스,영업자지위승계,"서울특별시 성북구 솔샘로 5, (정릉동)"
모범음식점 취소업소,망고치즈돈까스,영업자지위승계,"서울특별시 성북구 솔샘로 5, (정릉동)"
모범음식점 취소업소,망고치즈돈까스,영업자지위승계,"서울특별시 성북구 보문로 141-2, 1층 (보문동2가)"
모범음식점 취소업소,망고치즈돈까스,영업자지위승계,"서울특별시 성북구 보문로 141-2, 1층 (보문동2가)"
모범음식점 취소업소,망고치즈돈까스,영업자지위승계,"서울특별시 성북구 솔샘로 5, (정릉동)"
모범음식점 취소업소,망고치즈돈까스,영업자지위승계,"서울특별시 성북구 솔샘로 5, (정릉동)"
모범음식점 취소업소,망고치즈돈까스,영업자지위승계,"서울특별시 성북구 보문로 141-2, 1층 (보문동2가)"
모범음식점 취소업소,망고치즈돈까스,영업자지위승계,"서울특별시 성북구 보문로 141-2, 1층 (보문동2가)"
모범음식점 취소업소,망고치즈돈까스,영업자지위승계,"서울특별시 성북구 솔샘로 5, (정릉동)"
모범음식점 취소업소,망고치즈돈까스,영업자지위승계,"서울특별시 성북구 솔샘로 5, (정릉동)"
모범음식점 취소업소,정릉왕돈까스,영업자지위승계,"서울특별시 성북구 보문로 141-2, 1층 (보문동2가)"
모범음식점 취소업소,정릉왕돈까스,영업자지위승계,"서울특별시 성북구 보문로 141-2, 1층 (보문동2가)"
모범음식점 취소업소,정릉왕돈까스,영업자지위승계,"서울특별시 성북구 솔샘로 5, (정릉동)"
모범음식점 취소업소,정릉왕돈까스,영업자지위승계,"서울특별시 성북구 솔샘로 5, (정릉동)"
모범음식점 취소업소,정릉왕돈까스,영업자지위승계,"서울특별시 성북구 보문로 141-2, 1층 (보문동2가)"
모범음식점 취소업소,정릉왕돈까스,영업자지위승계,"서울특별시 성북구 보문로 141-2, 1층 (보문동2가)"
모범음식점 취소업소,정릉왕돈까스,영업자지위승계,"서울특별시 성북구 솔샘로 5, (정릉동)"
모범음식점 취소업소,정릉왕돈까스,영업자지위승계,"서울특별시 성북구 솔샘로 5, (정릉동)"
모범음식점 취소업소,정릉왕돈까스,영업자지위승계,"서울특별시 성북구 보문로 141-2, 1층 (보문동2가)"
모범음식점 취소업소,정릉왕돈까스,영업자지위승계,"서울특별시 성북구 보문로 141-2, 1층 (보문동2가)"
모범음식점 취소업소,정릉왕돈까스,영업자지위승계,"서울특별시 성북구 솔샘로 5, (정릉동)"
모범음식점 취소업소,정릉왕돈까스,영업자지위승계,"서울특별시 성북구 솔샘로 5, (정릉동)"
모범음식점 취소업소,정릉왕돈까스,영업자지위승계,"서울특별시 성북구 보문로 141-2, 1층 (보문동2가)"
모범음식점 취소업소,정릉왕돈까스,영업자지위승계,"서울특별시 성북구 보문로 141-2, 1층 (보문동2가)"
모범음식점 취소업소,정릉왕돈까스,영업자지위승계,"서울특별시 성북구 솔샘로 5, (정릉동)"
모범음식점 취소업소,정릉왕돈까스,영업자지위승계,"서울특별시 성북구 솔샘로 5, (정릉동)"
모범음식점 취소업소,정릉설렁탕,영업자지위승계,"서울특별시 성북구 보문로 141-2, 1층 (보문동2가)"
모범음식점 취소업소,정릉설렁탕,영업자지위승계,"서울특별시 성북구 보문로 141-2, 1층 (보문동2가)"
모범음식점 취소업소,정릉설렁탕,영업자지위승계,"서울특별시 성북구 솔샘로 5, (정릉동)"
모범음식점 취소업소,정릉설렁탕,영업자지위승계,"서울특별시 성북구 솔샘로 5, (정릉동)"
모범음식점 취소업소,정릉설렁탕,영업자지위승계,"서울특별시 성북구 보문로 141-2, 1층 (보문동2가)"
모범음식점 취소업소,정릉설렁탕,영업자지위승계,"서울특별시 성북구 보문로 141-2, 1층 (보문동2가)"
모범음식점 취소업소,정릉설렁탕,영업자지위승계,"서울특별시 성북구 솔샘로 5, (정릉동)"
모범음식점 취소업소,정릉설렁탕,영업자지위승계,"서울특별시 성북구 솔샘로 5, (정릉동)"
모범음식점 취소업소,정릉설렁탕,영업자지위승계,"서울특별시 성북구 보문로 141-2, 1층 (보문동2가)"
모범음식점 취소업소,정릉설렁탕,영업자지위승계,"서울특별시 성북구 보문로 141-2, 1층 (보문동2가)"
모범음식점 취소업소,정릉설렁탕,영업자지위승계,"서울특별시 성북구 솔샘로 5, (정릉동)"
모범음식점 취소업소,정릉설렁탕,영업자지위승계,"서울특별시 성북구 솔샘로 5, (정릉동)"
모범음식점 취소업소,정릉설렁탕,영업자지위승계,"서울특별시 성북구 보문로 141-2, 1층 (보문동2가)"
모범음식점 취소업소,정릉설렁탕,영업자지위승계,"서울특별시 성북구 보문로 141-2, 1층 (보문동2가)"
모범음식점 취소업소,정릉설렁탕,영업자지위승계,"서울특별시 성북구 솔샘로 5, (정릉동)"
모범음식점 취소업소,정릉설렁탕,영업자지위승계,"서울특별시 성북구 솔샘로 5, (정릉동)"
모범음식점 취소업소,옛날참숯화로구이,영업자지위승계,"서울특별시 성북구 보문로 141-2, 1층 (보문동2가)"
모범음식점 취소업소,옛날참숯화로구이,영업자지위승계,"서울특별시 성북구 보문로 141-2, 1층 (보문동2가)"
모범음식점 취소업소,옛날참숯화로구이,영업자지위승계,"서울특별시 성북구 솔샘로 5, (정릉동)"
모범음식점 취소업소,옛날참숯화로구이,영업자지위승계,"서울특별시 성북구 솔샘로 5, (정릉동)"
모범음식점 취소업소,옛날참숯화로구이,영업자지위승계,"서울특별시 성북구 보문로 141-2, 1층 (보문동2가)"
모범음식점 취소업소,옛날참숯화로구이,영업자지위승계,"서울특별시 성북구 보문로 141-2, 1층 (보문동2가)"
모범음식점 취소업소,옛날참숯화로구이,영업자지위승계,"서울특별시 성북구 솔샘로 5, (정릉동)"
모범음식점 취소업소,옛날참숯화로구이,영업자지위승계,"서울특별시 성북구 솔샘로 5, (정릉동)"
모범음식점 취소업소,옛날참숯화로구이,영업자지위승계,"서울특별시 성북구 보문로 141-2, 1층 (보문동2가)"
모범음식점 취소업소,옛날참숯화로구이,영업자지위승계,"서울특별시 성북구 보문로 141-2, 1층 (보문동2가)"
모범음식점 취소업소,옛날참숯화로구이,영업자지위승계,"서울특별시 성북구 솔샘로 5, (정릉동)"
모범음식점 취소업소,옛날참숯화로구이,영업자지위승계,"서울특별시 성북구 솔샘로 5, (정릉동)"
모범음식점 취소업소,옛날참숯화로구이,영업자지위승계,"서울특별시 성북구 보문로 141-2, 1층 (보문동2가)"
모범음식점 취소업소,옛날참숯화로구이,영업자지위승계,"서울특별시 성북구 보문로 141-2, 1층 (보문동2가)"
모범음식점 취소업소,옛날참숯화로구이,영업자지위승계,"서울특별시 성북구 솔샘로 5, (정릉동)"
모범음식점 취소업소,옛날참숯화로구이,영업자지위승계,"서울특별시 성북구 솔샘로 5, (정릉동)"
모범음식점 취소업소,이웃사촌,영업자지위승계,"서울특별시 성북구 화랑로 280, (석관동)"
모범음식점 취소업소,곤지암소머리국밥,영업자지위승계,"서울특별시 성북구 보문로 141-2, 1층 (보문동2가)"
모범음식점 취소업소,곤지암소머리국밥,영업자지위승계,"서울특별시 성북구 보문로 141-2, 1층 (보문동2가)"
모범음식점 취소업소,곤지암소머리국밥,영업자지위승계,"서울특별시 성북구 솔샘로 5, (정릉동)"
모범음식점 취소업소,곤지암소머리국밥,영업자지위승계,"서울특별시 성북구 솔샘로 5, (정릉동)"
모범음식점 취소업소,곤지암소머리국밥,영업자지위승계,"서울특별시 성북구 보문로 141-2, 1층 (보문동2가)"
모범음식점 취소업소,곤지암소머리국밥,영업자지위승계,"서울특별시 성북구 보문로 141-2, 1층 (보문동2가)"
모범음식점 취소업소,곤지암소머리국밥,영업자지위승계,"서울특별시 성북구 솔샘로 5, (정릉동)"
모범음식점 취소업소,곤지암소머리국밥,영업자지위승계,"서울특별시 성북구 솔샘로 5, (정릉동)"
모범음식점 취소업소,곤지암소머리국밥,영업자지위승계,"서울특별시 성북구 보문로 141-2, 1층 (보문동2가)"
모범음식점 취소업소,곤지암소머리국밥,영업자지위승계,"서울특별시 성북구 보문로 141-2, 1층 (보문동2가)"
모범음식점 취소업소,곤지암소머리국밥,영업자지위승계,"서울특별시 성북구 솔샘로 5, (정릉동)"
모범음식점 취소업소,곤지암소머리국밥,영업자지위승계,"서울특별시 성북구 솔샘로 5, (정릉동)"
모범음식점 취소업소,곤지암소머리국밥,영업자지위승계,"서울특별시 성북구 보문로 141-2, 1층 (보문동2가)"
모범음식점 취소업소,이찌방,영업자지위승계,"서울특별시 성북구 동소문로20길 37-11, 1층 (동선동1가)"
모범음식점 취소업소,사보텐현대미아점,영업자지위승계,"서울특별시 성북구 동소문로 315, (길음동,현대백화점)"
모범음식점 취소업소,또오리다시오리,영업자지위승계,"서울특별시 성북구 화랑로40길 41, (석관동,1층)"
모범음식점 취소업소,더오리다시오리,영업자지위승계,"서울특별시 성북구 화랑로40길 41, (석관동,1층)"
모범음식점 취소업소,만남의광장,영업자지위승계,"서울특별시 성북구 고려대로26길 9, 1층 (안암동5가)"
모범음식점 취소업소,만남의광장,영업자지위승계,"서울특별시 성북구 고려대로26길 9, 1층 (안암동5가)"
모범음식점 취소업소,만남의광장,영업자지위승계,"서울특별시 성북구 고려대로26길 9, 1층 (안암동5가)"
모범음식점 취소업소,쿠마(KUMA),영업자지위승계,"서울특별시 성북구 고려대로26길 9, 1층 (안암동5가)"
모범음식점 취소업소,쿠마(KUMA),영업자지위승계,"서울특별시 성북구 고려대로26길 9, 1층 (안암동5가)"
모범음식점 취소업소,쿠마(KUMA),영업자지위승계,"서울특별시 성북구 고려대로26길 9, 1층 (안암동5가)"
모범음식점 취소업소,채화정&청정,영업자지위승계,"서울특별시 성북구 오패산로3길 9, (하월곡동)"
모범음식점 취소업소,채화정,영업자지위승계,"서울특별시 성북구 오패산로3길 9, (하월곡동)"
모범음식점 취소업소,보보,영업자지위승계,"서울특별시 성북구 월계로 172, 소산빌딩 7층 (장위동)"
모범음식점 취소업소,보보,영업자지위승계,"서울특별시 성북구 월계로 172, 소산빌딩 7층 (장위동)"
모범음식점 취소업소,BOBO & Bon appetit(보보 & 보네삐따),영업자지위승계,"서울특별시 성북구 월계로 172, 소산빌딩 7층 (장위동)"
모범음식점 취소업소,BOBO & Bon appetit(보보 & 보네삐따),영업자지위승계,"서울특별시 성북구 월계로 172, 소산빌딩 7층 (장위동)"
모범음식점 취소업소,와라와라숯불꼬치,영업자지위승계,"서울특별시 성북구 장위로 90, (장위동)"
모범음식점 취소업소,꽃돼지갤러리성신여대점,영업자지위승계,"서울특별시 성북구 동소문로20가길 36, (동선동1가)"
모범음식점 취소업소,꽃돼지갤러리성신여대점,영업자지위승계,"서울특별시 성북구 동소문로20가길 36, (동선동1가)"
모범음식점 취소업소,손가네,행정처분,"서울특별시 성북구 삼양로 26, (길음동)"
모범음식점 취소업소,서강껍데기 성신여대점,영업자지위승계,"서울특별시 성북구 보문로30길 29, 1층 (동선동2가)"
모범음식점 취소업소,큰집삼겹살,영업자지위승계,"서울특별시 성북구 돌곶이로 117, (장위동)"
모범음식점 취소업소,갤러리카페테르틴,영업자지위승계,"서울특별시 성북구 보문로32길 31, (동선동2가)"
모범음식점 취소업소,안식당,영업자지위승계,"서울특별시 성북구 보문로32길 31, (동선동2가)"
모범음식점 취소업소,안식당,영업자지위승계,"서울특별시 성북구 보문로32길 31, (동선동2가)"
모범음식점 취소업소,갤러리카페테르틴,영업자지위승계,"서울특별시 성북구 보문로32길 31, (동선동2가)"
모범음식점 취소업소,세꼬시,영업자지위승계,
모범음식점 취소업소,푸드카페앤그릴,영업자지위승계,"서울특별시 성북구 북악산로 637, (성북동,145-117)"
모범음식점 취소업소,일번지정육식당 돌곶이점,영업자지위승계,"서울특별시 성북구 화랑로 254, (석관동)"
모범음식점 취소업소,동대문 엽기 떡볶이,영업자지위승계,"서울특별시 성북구 화랑로33길 39, (장위동,,63-144,145,66-8,366,368)"
모범음식점 취소업소,갈비명가이상(길음신관),영업자지위승계,"서울특별시 성북구 정릉로 395, (하월곡동)"
모범음식점 취소업소,콜렉티보 안암설성점,영업자지위승계,"서울특별시 성북구 인촌로27길 6, 2층 (안암동5가)"
모범음식점 취소업소,콜렉티보 안암설성점,영업자지위승계,"서울특별시 성북구 인촌로27길 6, 2층 (안암동5가)"
모범음식점 취소업소,설성,영업자지위승계,"서울특별시 성북구 인촌로27길 6, 2층 (안암동5가)"
모범음식점 취소업소,설성,영업자지위승계,"서울특별시 성북구 인촌로27길 6, 2층 (안암동5가)"
모범음식점 취소업소,큰집삼겹살,영업자지위승계,"서울특별시 성북구 돌곶이로 117, (장위동)"
모범음식점 취소업소,전통만두국,영업자지위승계,"서울특별시 성북구 인촌로8길 67, (안암동3가)"
모범음식점 취소업소,무교동낙지.해초나라,영업자지위승계,"서울특별시 성북구 화랑로 255-3, (장위동)"
모범음식점 취소업소,남원추어탕,영업자지위승계,"서울특별시 성북구 돌곶이로28길 10, (장위동)"
모범음식점 취소업소,야끼반자이,영업자지위승계,"서울특별시 성북구 동소문로20가길 24, (동선동1가)"
모범음식점 취소업소,야끼반자이,영업자지위승계,"서울특별시 성북구 동소문로20가길 24, (동선동1가)"
모범음식점 취소업소,1943 성신여대점,영업자지위승계,"서울특별시 성북구 동소문로20가길 24, (동선동1가)"
모범음식점 취소업소,1943 성신여대점,영업자지위승계,"서울특별시 성북구 동소문로20가길 24, (동선동1가)"
모범음식점 취소업소,한방닭한마리,영업자지위승계,"서울특별시 성북구 한천로78길 63, (석관동)"
모범음식점 취소업소,임금님설렁탕,영업자지위승계,"서울특별시 성북구 종암로22길 7, (종암동,1층)"
모범음식점 취소업소,키웨스트 커피,영업자지위승계,"서울특별시 성북구 보국문로16길 2, (정릉동)"
모범음식점 취소업소,메밀촌,영업자지위승계,"서울특별시 성북구 화랑로25길 17, (상월곡동)"
모범음식점 취소업소,메밀촌,영업자지위승계,"서울특별시 성북구 화랑로25길 17, (상월곡동)"
모범음식점 취소업소,내마음의 풍차,영업자지위승계,"서울특별시 성북구 종암로 107, (종암동)"
모범음식점 취소업소,두부촌맷돌할매숨두부,영업자지위승계,"서울특별시 성북구 안암로 43, (안암동5가)"
모범음식점 취소업소,두부촌맷돌할매숨두부,영업자지위승계,"서울특별시 성북구 안암로 43, (안암동5가)"
모범음식점,김태완의초밥좋은날,02  923 8628,"서울특별시 성북구 동소문로20길 28-4, (동소문동5가, 2층)"
모범음식점,정릉곤드레밥,,"서울특별시 성북구 보국문로18가길 5-13, (정릉동)"
모범음식점,만복식당,,"서울특별시 성북구 개운사길 34, 지1층 (안암동5가)"
모범음식점,치폴레옹(고려대점),,"서울특별시 성북구 인촌로24길 45, 2층 (안암동5가)"
모범음식점,원진노기순청국장,02  925 5733,"서울특별시 성북구 안암로9가길 94, 1층 (안암동5가)"
모범음식점,담소면옥,02  982 5070,"서울특별시 성북구 솔샘로 71, (정릉동,1층)"
모범음식점,담소면옥,02  982 5070,"서울특별시 성북구 솔샘로 71, (정릉동,1층)"
모범음식점,약산 전통육개장 흑염소 전문점,02  982 5070,"서울특별시 성북구 솔샘로 71, (정릉동,1층)"
모범음식점,약산 전통육개장 흑염소 전문점,02  982 5070,"서울특별시 성북구 솔샘로 71, (정릉동,1층)"
모범음식점,기찬 전통육개장 흑염소 전문점,02  982 5070,"서울특별시 성북구 솔샘로 71, (정릉동,1층)"
모범음식점,기찬 전통육개장 흑염소 전문점,02  982 5070,"서울특별시 성북구 솔샘로 71, (정릉동,1층)"
모범음식점,유자유 김치떡볶이,02  928 7754,"서울특별시 성북구 인촌로24길 48, 2층 (안암동5가)"
모범음식점,만복식당(성신여대점),02  923 8628,"서울특별시 성북구 동소문로20길 28-4, (동소문동5가, 2층)"
모범음식점,만복식당(성신여대점),02  923 8628,"서울특별시 성북구 동소문로20길 28-4, (동소문동5가, 2층)"
모범음식점,만복식당(성신여대점),02  923 8628,"서울특별시 성북구 동소문로20길 28-4, (동소문동5가, 2층)"
모범음식점,만복식당(성신여대점),02  923 8628,"서울특별시 성북구 동소문로20길 28-4, (동소문동5가, 2층)"
모범음식점,김태완의초밥좋은날,02  923 8628,"서울특별시 성북구 동소문로20길 28-4, (동소문동5가, 2층)"
모범음식점,김태완의초밥좋은날,02  923 8628,"서울특별시 성북구 동소문로20길 28-4, (동소문동5가, 2층)"
모범음식점,녹천,02 7478005,"서울특별시 성북구 동소문로2길 51, (동소문동2가)"
모범음식점,녹천,02 7478005,"서울특별시 성북구 동소문로2길 51, (동소문동2가)"
모범음식점,화끈한동태요리집,02 7478005,"서울특별시 성북구 동소문로2길 51, (동소문동2가)"
모범음식점,화끈한동태요리집,02 7478005,"서울특별시 성북구 동소문로2길 51, (동소문동2가)"
모범음식점,포앤시드니,02  929 9390,"서울특별시 성북구 보문로34길 77, 2층 (동선동1가)"
모범음식점,할매숯불닭갈비,02 9280210,"서울특별시 성북구 동소문로20길 37-5, 1층 (동선동1가)"
모범음식점,엉터리생고기,,"서울특별시 성북구 오패산로 98-8, (하월곡동,지상1층)"
모범음식점,엉터리생고기,,"서울특별시 성북구 오패산로 98-8, (하월곡동,지상1층)"
모범음식점,용주 한방삼계탕,,"서울특별시 성북구 오패산로 98-8, (하월곡동,지상1층)"
모범음식점,용주 한방삼계탕,,"서울특별시 성북구 오패산로 98-8, (하월곡동,지상1층)"
모범음식점,담소 소사골 순대 성북구청점,,"서울특별시 성북구 보문로 144, (보문동1가, 외 1필지 보문뉴타운)"
모범음식점,담소 소사골 순대 성북구청점,,"서울특별시 성북구 보문로 144, (보문동1가, 외 1필지 보문뉴타운)"
모범음식점,제주고깃집,,"서울특별시 성북구 보문로 144, (보문동1가, 외 1필지 보문뉴타운)"
모범음식점,제주고깃집,,"서울특별시 성북구 보문로 144, (보문동1가, 외 1필지 보문뉴타운)"
모범음식점,초밥좋은날 시즌투(Ⅱ),02  923 8628,"서울특별시 성북구 동소문로20길 28-4, (동소문동5가, 2층)"
모범음식점,초밥좋은날 시즌투(Ⅱ),02  923 8628,"서울특별시 성북구 동소문로20길 28-4, (동소문동5가, 2층)"
모범음식점,초밥좋은날 시즌투(Ⅱ),02  923 8628,"서울특별시 성북구 동소문로20길 28-4, (동소문동5가, 2층)"
모범음식점,초밥좋은날 시즌투(Ⅱ),02  923 8628,"서울특별시 성북구 동소문로20길 28-4, (동소문동5가, 2층)"
모범음식점,김태완의초밥좋은날,02  923 8628,"서울특별시 성북구 동소문로20길 28-4, (동소문동5가, 2층)"
모범음식점,신명가해물짬뽕,,"서울특별시 성북구 오패산로 13, (하월곡동)"
모범음식점,신명가해물짬뽕,,"서울특별시 성북구 오패산로 13, (하월곡동)"
모범음식점,명가해물짬뽕전문점,,"서울특별시 성북구 오패산로 13, (하월곡동)"
모범음식점,명가해물짬뽕전문점,,"서울특별시 성북구 오패산로 13, (하월곡동)"
모범음식점,스시엠(M),,"서울특별시 성북구 보문로 91, 201호 (보문동5가)"
모범음식점,스시엠(M),,"서울특별시 성북구 보문로 91, 201호 (보문동5가)"
모범음식점,스시엠(M),,"서울특별시 성북구 보문로 91, 201호 (보문동5가)"
모범음식점,간지,,"서울특별시 성북구 보문로 91, 201호 (보문동5가)"
모범음식점,간지,,"서울특별시 성북구 보문로 91, 201호 (보문동5가)"
모범음식점,간지,,"서울특별시 성북구 보문로 91, 201호 (보문동5가)"
모범음식점,요이사카나(よい魚),,"서울특별시 성북구 보문로 91, 201호 (보문동5가)"
모범음식점,요이사카나(よい魚),,"서울특별시 성북구 보문로 91, 201호 (보문동5가)"
모범음식점,요이사카나(よい魚),,"서울특별시 성북구 보문로 91, 201호 (보문동5가)"
모범음식점,중경당,,"서울특별시 성북구 창경궁로43길 30, 1층 (성북동1가)"
모범음식점,유정식당,02 9286256,"서울특별시 성북구 북악산로29길 21, (종암동)"
모범음식점,도쿄커틀릿,02 9299292,"서울특별시 성북구 동소문로22길 57-1, (동선동2가)"
모범음식점,스시바,02  925 2255,"서울특별시 성북구 인촌로28길 16, (안암동5가, 안암랜드빌딩1층)"
모범음식점,육쌈냉면,,"서울특별시 성북구 인촌로24길 6, (안암동5가)"
모범음식점,역전할머니맥주,02 9218418,"서울특별시 성북구 고려대로24길 14, 1층 (안암동5가)"
모범음식점,역전할머니맥주,02 9218418,"서울특별시 성북구 고려대로24길 14, 1층 (안암동5가)"
모범음식점,숙성의미(고대점),02 9218418,"서울특별시 성북구 고려대로24길 14, 1층 (안암동5가)"
모범음식점,숙성의미(고대점),02 9218418,"서울특별시 성북구 고려대로24길 14, 1층 (안암동5가)"
모범음식점,서래갈매기(고대점),02 9218418,"서울특별시 성북구 고려대로24길 14, 1층 (안암동5가)"
모범음식점,서래갈매기(고대점),02 9218418,"서울특별시 성북구 고려대로24길 14, 1층 (안암동5가)"
모범음식점,내가찜한닭,,"서울특별시 성북구 고려대로24길 32, 칠보빌딩 2층 (안암동5가)"
모범음식점,내가찜한닭,,"서울특별시 성북구 고려대로24길 32, 칠보빌딩 2층 (안암동5가)"
모범음식점,역전할머니맥주 고대점,02 9218418,"서울특별시 성북구 고려대로24길 14, 1층 (안암동5가)"
모범음식점,역전할머니맥주 고대점,02 9218418,"서울특별시 성북구 고려대로24길 14, 1층 (안암동5가)"
모범음식점,태조집 태조감자국 성신여대점,02  921 7667,"서울특별시 성북구 보문로34길 43, (동선동1가)"
모범음식점,가나다라생고기,,"서울특별시 성북구 성북로4길 52, 스포츠센타동 5103호 (돈암동, 한신한진아파트)"
모범음식점,이세(李世)돈가스전문점,,"서울특별시 성북구 개운사길 32, 1층 (안암동5가)"
모범음식점,미운오리,02  923 9999,"서울특별시 성북구 보문로 123, (보문동2가,(1층))"
모범음식점,본샤브칼국수,02 951 188,"서울특별시 성북구 인촌로24길 16, (안암동5가)"
모범음식점,모심,02  953 0333,"서울특별시 성북구 개운사길 8, 3층 (안암동5가)"
모범음식점,전주완산골,02 9535311,"서울특별시 성북구 고려대로 84, (안암동5가)"
모범음식점,보리보리시골밥상,,"서울특별시 성북구 솔샘로1길 19, (정릉동)"
모범음식점,칠백집,02 9263273,"서울특별시 성북구 보문로30길 39, 1층 (동선동2가)"
모범음식점,성북동사람들박앤윤,,"서울특별시 성북구 대사관로 40, 지상1,2,3층 (성북동)"
모범음식점,성북동사람들박앤윤,,"서울특별시 성북구 대사관로 40, 지상1,2,3층 (성북동)"
모범음식점,칠백집서울껍데기,02 9263273,"서울특별시 성북구 보문로30길 39, 1층 (동선동2가)"
모범음식점,칠백집서울껍데기,02 9263273,"서울특별시 성북구 보문로30길 39, 1층 (동선동2가)"
모범음식점,칠백집,02 9263273,"서울특별시 성북구 보문로30길 39, 1층 (동선동2가)"
모범음식점,매스플레이트,02  921 4940,"서울특별시 성북구 개운사길 18, (안암동5가, 2층)"
모범음식점,매스플레이트,02  921 4940,"서울특별시 성북구 개운사길 18, (안암동5가, 2층)"
모범음식점,미각,,"서울특별시 성북구 인촌로24길 44, (안암동5가)"
모범음식점,만선참치,02 9263733,"서울특별시 성북구 동소문로20길 29-7, (동선동1가,태백빌딩)"
모범음식점,주)대게축제,,"서울특별시 성북구 한천로 595, (석관동,(지하178.08㎡,지상1층 184.33㎡,지상2층 199.45㎡))"
모범음식점,주)대게축제,,"서울특별시 성북구 한천로 595, (석관동,(지하178.08㎡,지상1층 184.33㎡,지상2층 199.45㎡))"
모범음식점,주)대게축제,,"서울특별시 성북구 한천로 595, (석관동,(지하178.08㎡,지상1층 184.33㎡,지상2층 199.45㎡))"
모범음식점,(주)삼대족발(석관점),,"서울특별시 성북구 한천로 595, (석관동,(지하178.08㎡,지상1층 184.33㎡,지상2층 199.45㎡))"
모범음식점,(주)삼대족발(석관점),,"서울특별시 성북구 한천로 595, (석관동,(지하178.08㎡,지상1층 184.33㎡,지상2층 199.45㎡))"
모범음식점,(주)삼대족발(석관점),,"서울특별시 성북구 한천로 595, (석관동,(지하178.08㎡,지상1층 184.33㎡,지상2층 199.45㎡))"
모범음식점,삼대족발(석관점),,"서울특별시 성북구 한천로 595, (석관동,(지하178.08㎡,지상1층 184.33㎡,지상2층 199.45㎡))"
모범음식점,삼대족발(석관점),,"서울특별시 성북구 한천로 595, (석관동,(지하178.08㎡,지상1층 184.33㎡,지상2층 199.45㎡))"
모범음식점,삼대족발(석관점),,"서울특별시 성북구 한천로 595, (석관동,(지하178.08㎡,지상1층 184.33㎡,지상2층 199.45㎡))"
모범음식점,창신동매운족발 석계점,02  959 8033,"서울특별시 성북구 한천로78길 52, (석관동)"
모범음식점,가부,,"서울특별시 성북구 보문로 182, 1층 (삼선동4가)"
모범음식점,갈비애드림,,"서울특별시 성북구 보문로 149, 1층 (삼선동5가)"
모범음식점,갈비애드림,,"서울특별시 성북구 보문로 149, 1층 (삼선동5가)"
모범음식점,오소오소양대창전문점,,"서울특별시 성북구 보문로 149, 1층 (삼선동5가)"
모범음식점,오소오소양대창전문점,,"서울특별시 성북구 보문로 149, 1층 (삼선동5가)"
모범음식점,오소오소양대창전문점,,"서울특별시 성북구 보문로 149, 1층 (삼선동5가)"
모범음식점,구어줘 양대창집,,"서울특별시 성북구 보문로 149, 1층 (삼선동5가)"
모범음식점,구어줘 양대창집,,"서울특별시 성북구 보문로 149, 1층 (삼선동5가)"
모범음식점,구어줘 양대창집,,"서울특별시 성북구 보문로 149, 1층 (삼선동5가)"
모범음식점,갈비애드림,,"서울특별시 성북구 보문로 149, 1층 (삼선동5가)"
모범음식점,참이맛감자탕(정릉점),02  912 2001,"서울특별시 성북구 솔샘로25길 20, 정릉풍림상가 상가1동 108-1호 (정릉동)"
모범음식점,참이맛감자탕(정릉점),02  912 2001,"서울특별시 성북구 솔샘로25길 20, 상가2동 101호 (정릉동, 정릉풍림아이원)"
모범음식점,석계 창신동 매운족발 1호점,02  966 9923,"서울특별시 성북구 한천로78길 57, (석관동,지상1층)"
모범음식점,혜화면옥,,"서울특별시 성북구 보문로 193-1, (삼선동4가, 1층)"
모범음식점,대왕참치,02  921 3785,"서울특별시 성북구 종암로19길 6, 2층 (종암동)"
모범음식점,전원주의손큰할매순대국국민대점,,"서울특별시 성북구 정릉로 169, 1층 (정릉동)"
모범음식점,장운산꽃게,02 9427735,"서울특별시 성북구 오패산로 12, (하월곡동,,26,27)"
모범음식점,해미수산,02  922 7471,"서울특별시 성북구 종암로21길 53, (종암동,1층)"
모범음식점,화통집(성북구청점),,"서울특별시 성북구 보문로 149, 1층 (삼선동5가)"
모범음식점,화통집(성북구청점),,"서울특별시 성북구 보문로 149, 1층 (삼선동5가)"
모범음식점,화통집(성북구청점),,"서울특별시 성북구 보문로 149, 1층 (삼선동5가)"
모범음식점,미각아구동태탕,,"서울특별시 성북구 보국문로 54-1, (정릉동,(지상1층))"
모범음식점,조선화로구이,,"서울특별시 성북구 북악산로 851, 상가동 204,205,206호 (정릉동, e-편한세상)"
모범음식점,조선화로구이,,"서울특별시 성북구 북악산로 851, 상가동 204,205,206호 (정릉동, e-편한세상)"
모범음식점,미각아구동태탕,,"서울특별시 성북구 보국문로 54-1, (정릉동,(지상1층))"
모범음식점,신)마포갈매기정릉점,,"서울특별시 성북구 보국문로 54-1, (정릉동,(지상1층))"
모범음식점,어촌,02  927 6095,"서울특별시 성북구 성북로4길 52, (돈암동, 한신한진@스포츠센타 5105호)"
모범음식점,씽푸,,"서울특별시 성북구 동소문로10길 6, (동소문동3가)"
모범음식점,장충당 월곡점,,"서울특별시 성북구 장월로1길 106, (하월곡동,외2필지 (지상1층))"
모범음식점,장충당 월곡점,,"서울특별시 성북구 장월로1길 106, (하월곡동,외2필지 (지상1층))"
모범음식점,대포항회집,,"서울특별시 성북구 장월로1길 106, (하월곡동,외2필지 (지상1층))"
모범음식점,대포항회집,,"서울특별시 성북구 장월로1길 106, (하월곡동,외2필지 (지상1층))"
모범음식점,신)마포갈매기정릉점,,"서울특별시 성북구 보국문로 54-1, (정릉동,(지상1층))"
모범음식점,돈까스캠프,,"서울특별시 성북구 솔샘로 73-8, (정릉동)"
모범음식점,성가네낙지마을,,"서울특별시 성북구 화랑로 236, (석관동)"
모범음식점,채움늘,02  910 8182,"서울특별시 성북구 정릉로9길 36, (정릉동)"
모범음식점,오샬(OTSAL),0260846527,"서울특별시 성북구 인촌로24길 6, (안암동5가,(3층))"
모범음식점,한근더한근,02 9188999,"서울특별시 성북구 한천로 605, 101호 (장위동, 태산빌딩)"
모범음식점,채화정&청정,02 9128333,"서울특별시 성북구 오패산로3길 9, (하월곡동)"
모범음식점,채화정,02 9128333,"서울특별시 성북구 오패산로3길 9, (하월곡동)"
모범음식점,동해해물탕,02  929 9615,"서울특별시 성북구 삼선교로 75-1, (삼선동4가,(1층))"
모범음식점,초림정,02  953 8808,"서울특별시 성북구 동소문로 181, (돈암동, 101호)"
모범음식점,청록원,02  955 0550,"서울특별시 성북구 솔샘로1길 19, (정릉동)"
모범음식점,해송,,"서울특별시 성북구 동소문로20길 37-10, (동선동1가,외1필지(70) 2층)"
모범음식점,무등산참숯갈비,02 9250062,"서울특별시 성북구 개운사길 15, (안암동5가,왕림빌딩1층)"
모범음식점,맛깔참죽(정릉점),,"서울특별시 성북구 정릉로 276, (정릉동)"
모범음식점,성북동섭지코지,0236735600,"서울특별시 성북구 성북로 118-5, (성북동)"
모범음식점,베나레스(Benares),02  921 9982,"서울특별시 성북구 인촌로24길 27, (안암동5가)"
모범음식점,화로구이조선,02 9538805,"서울특별시 성북구 종암로 129, (종암동)"
모범음식점,성북동참치,02 6763252,"서울특별시 성북구 성북로 22, (성북동)"
모범음식점,안동할매청국장,02 7438104,"서울특별시 성북구 성북로5길 9-3, (성북동1가,(1층))"
모범음식점,삽교원조두리곱창,02 9114881,"서울특별시 성북구 장월로1길 57, (상월곡동)"
모범음식점,큰대문집,02 9130901,"서울특별시 성북구 종암로14길 6-21, (종암동)"
모범음식점,갈비둥지 어해랑,02 916 7733,"서울특별시 성북구 장위로 145, 2층 (장위동)"
모범음식점,갈비둥지 어해랑,02 916 7733,"서울특별시 성북구 장위로 145, 2층 (장위동)"
모범음식점,갈비둥지 어해랑,02 916 7733,"서울특별시 성북구 장위로 145, (장위동)"
모범음식점,가재야,02 9535545,"서울특별시 성북구 보문로 163, (삼선동5가)"
모범음식점,갈비둥지 어해랑,02 916 7733,"서울특별시 성북구 장위로 145, (장위동)"
모범음식점,갈비둥지 어해랑,02 916 7733,"서울특별시 성북구 장위로 145, 2층 (장위동)"
모범음식점,더씨(The C),02  929 1259,"서울특별시 성북구 개운사길 8, (안암동5가, 외5필지 2층)"
모범음식점,갈비둥지 어해랑,02 916 7733,"서울특별시 성북구 장위로 145, (장위동)"
모범음식점,갈비둥지 어해랑,02 916 7733,"서울특별시 성북구 장위로 145, 2층 (장위동)"
모범음식점,본죽&비빔밥 고려대점,02 9217921,"서울특별시 성북구 고려대로 90, (안암동5가)"
모범음식점,곰탕집,0260825506,"서울특별시 성북구 동소문로17길 1, (동소문동6가,(지상1층))"
모범음식점,향나무집,02  929 0720,"서울특별시 성북구 인촌로22길 5, (안암동5가)"
모범음식점,갈비둥지 어해랑,02 916 7733,"서울특별시 성북구 장위로 145, (장위동)"
모범음식점,한우설렁탕,02  926 7766,"서울특별시 성북구 삼선교로 85, (삼선동4가,(1층))"
모범음식점,조마루뼈다귀전문점,0209696953,"서울특별시 성북구 화랑로 262, (석관동)"
모범음식점,순두부와빈대떡마을,02 9294113,
모범음식점,최네집부대찌개,02 9294113,
모범음식점,채선당,02 9241034,"서울특별시 성북구 정릉로 376, (돈암동,외2필지(-7,-9))"
모범음식점,채선당(길음점),02 9241034,"서울특별시 성북구 정릉로 376, (돈암동,외2필지(-7,-9))"
모범음식점,채선당(길음점),02 9241034,"서울특별시 성북구 정릉로 376, (돈암동,외2필지(-7,-9))"
모범음식점,채선당 길음점,02 9241034,"서울특별시 성북구 정릉로 376, (돈암동,외2필지(-7,-9))"
모범음식점,채선당 길음점,02 9241034,"서울특별시 성북구 정릉로 376, (돈암동,외2필지(-7,-9))"
모범음식점,채선당 길음점,02 9241034,"서울특별시 성북구 정릉로 376, (돈암동,외2필지(-7,-9))"
모범음식점,채선당샤브&월남쌈&쭈꾸미&육회,02 9241034,"서울특별시 성북구 정릉로 376, (돈암동,외2필지(-7,-9))"
모범음식점,채선당샤브&월남쌈&쭈꾸미&육회,02 9241034,"서울특별시 성북구 정릉로 376, (돈암동,외2필지(-7,-9))"
모범음식점,채선당샤브&월남쌈&쭈꾸미&육회,02 9241034,"서울특별시 성북구 정릉로 376, (돈암동,외2필지(-7,-9))"
모범음식점,국화정원,02 7410020,
모범음식점,채선당,02 9241034,"서울특별시 성북구 정릉로 376, (돈암동,외2필지(-7,-9))"
모범음식점,채선당,02 9241034,"서울특별시 성북구 정릉로 376, (돈암동,외2필지(-7,-9))"
모범음식점,채선당(길음점),02 9241034,"서울특별시 성북구 정릉로 376, (돈암동,외2필지(-7,-9))"
모범음식점,이웃사촌,02 9652547,"서울특별시 성북구 화랑로 280, (석관동)"
모범음식점,(주)한스갤러리앤코,02941 1141,"서울특별시 성북구 정릉로10길 127, (정릉동)"
모범음식점,선창연가,02 9294994,
모범음식점,(주)한스갤러리앤코,02941 1141,"서울특별시 성북구 정릉로10길 127, (정릉동)"
모범음식점,춘향골남원추어탕 성북구청점,02 9536688,"서울특별시 성북구 보문로 167, (삼선동5가)"
모범음식점,반월,02 9410308,"서울특별시 성북구 월곡로 29, (종암동)"
모범음식점,거산프라자다원,02 9110346,"서울특별시 성북구 종암로 18, (종암동)"
모범음식점,원조마포소금구이,02   9698292,"서울특별시 성북구 화랑로40길 55, (석관동)"
모범음식점,등촌샤브칼국수,02 9295538,"서울특별시 성북구 개운사길 11, (안암동5가)"
모범음식점,은하수식당,02 9289381,"서울특별시 성북구 동소문로20길 37-22, 1층 (동선동1가)"
모범음식점,은하수식당,02 9289381,"서울특별시 성북구 동소문로20길 37-22, 1층 (동선동1가)"
모범음식점,봉추찜닭,02 9289381,"서울특별시 성북구 동소문로20길 37-22, 1층 (동선동1가)"
모범음식점,용범이네 인계동껍데기 성신여대점,02 9289381,"서울특별시 성북구 동소문로20길 37-22, 1층 (동선동1가)"
모범음식점,봉추찜닭,02 9289381,"서울특별시 성북구 동소문로20길 37-22, 1층 (동선동1가)"
모범음식점,용범이네 인계동껍데기 성신여대점,02 9289381,"서울특별시 성북구 동소문로20길 37-22, 1층 (동선동1가)"
모범음식점,곱도리식당 성신여대점,02 9289381,"서울특별시 성북구 동소문로20길 37-22, 1층 (동선동1가)"
모범음식점,곱도리식당 성신여대점,02 9289381,"서울특별시 성북구 동소문로20길 37-22, 1층 (동선동1가)"
모범음식점,메밀촌,02  916 2141,"서울특별시 성북구 화랑로25길 17, (상월곡동)"
모범음식점,메밀촌,02  916 2141,"서울특별시 성북구 화랑로25길 17, (상월곡동)"
모범음식점,금왕돈까스,0207642691,"서울특별시 성북구 성북로 138, (성북동)"
모범음식점,한강,02 7474004,"서울특별시 성북구 창경궁로43길 17, (성북동1가)"
모범음식점,큰솥감자탕,02 9212302,"서울특별시 성북구 동소문로24길 31, (동선동1가,1층)"
모범음식점,꿈꾸는이상(주) 갈비명가이상돈암본관,02  925 8700,"서울특별시 성북구 정릉로 364, (돈암동)"
모범음식점 취소업소,안동한우,부적합,"서울특별시 성북구 동소문로13길 13, (동소문동4가,외 1필지)"
모범음식점 취소업소,안동한우,부적합,"서울특별시 성북구 동소문로13길 13, 1층 (동소문동4가)"
모범음식점 취소업소,넘버팔오(NO.85),부적합,"서울특별시 성북구 인촌로28길 17, 2층 (안암동5가)"
모범음식점 취소업소,안동한우,부적합,"서울특별시 성북구 동소문로13길 13, 1층 (동소문동4가)"
모범음식점 취소업소,홀짝성북갈비,부적합,"서울특별시 성북구 화랑로 245, (장위동, 지상2층)"
모범음식점 취소업소,즐겨찾기,부적합,"서울특별시 성북구 정릉로9길 37, (정릉동)"
모범음식점 취소업소,안동한우,부적합,"서울특별시 성북구 동소문로13길 13, (동소문동4가,외 1필지)"
모범음식점 취소업소,연드레,재지정 안됨,"서울특별시 성북구 동소문로17길 29, (동소문동6가)"
모범음식점 취소업소,길음정,재지정 안됨,"서울특별시 성북구 동소문로47길 12, 지상2층 (길음동)"
모범음식점 취소업소,적벽가,재지정 안됨,"서울특별시 성북구 동소문로17길 29, (동소문동6가)"
모범음식점 취소업소,적벽가,재지정 안됨,"서울특별시 성북구 동소문로17길 29, (동소문동6가)"
모범음식점 취소업소,적벽가,재지정 안됨,"서울특별시 성북구 동소문로17길 29, (동소문동6가)"
모범음식점 취소업소,적벽가,재지정 안됨,"서울특별시 성북구 동소문로17길 29, (동소문동6가)"
모범음식점 취소업소,연드레,재지정 안됨,"서울특별시 성북구 동소문로17길 29, (동소문동6가)"
모범음식점 취소업소,연드레,재지정 안됨,"서울특별시 성북구 동소문로17길 29, (동소문동6가)"
모범음식점 취소업소,연드레,재지정 안됨,"서울특별시 성북구 동소문로17길 29, (동소문동6가)"
모범음식점 취소업소,길음정,재지정 안됨,"서울특별시 성북구 동소문로 311-5, 1,2층 (길음동)"
모범음식점 취소업소,족발야시장,재지정 안됨,"서울특별시 성북구 보문로34길 35, (동선동1가)"
모범음식점 취소업소,족발야시장,재지정 안됨,"서울특별시 성북구 보문로34길 35, (동선동1가)"
모범음식점 취소업소,족발야시장,재지정 안됨,"서울특별시 성북구 보문로34길 35, (동선동1가)"
모범음식점 취소업소,광주식당,재지정 안됨,"서울특별시 성북구 동소문로47길 12, 지상2층 (길음동)"
모범음식점 취소업소,광주식당,재지정 안됨,"서울특별시 성북구 동소문로 311-5, 1,2층 (길음동)"
모범음식점 취소업소,광주식당,재지정 안됨,"서울특별시 성북구 동소문로47길 12, 지상2층 (길음동)"
모범음식점 취소업소,광주식당,재지정 안됨,"서울특별시 성북구 동소문로 311-5, 1,2층 (길음동)"
모범음식점 취소업소,길음정,재지정 안됨,"서울특별시 성북구 동소문로47길 12, 지상2층 (길음동)"
모범음식점 취소업소,길음정,재지정 안됨,"서울특별시 성북구 동소문로 311-5, 1,2층 (길음동)"
모범음식점 취소업소,콜렉티보 안암설성점,재지정 안됨,"서울특별시 성북구 인촌로27길 6, 2층 (안암동5가)"
모범음식점 취소업소,콜렉티보 안암설성점,재지정 안됨,"서울특별시 성북구 인촌로27길 6, 2층 (안암동5가)"
모범음식점 취소업소,설성,재지정 안됨,"서울특별시 성북구 인촌로27길 6, 2층 (안암동5가)"
모범음식점 취소업소,설성,재지정 안됨,"서울특별시 성북구 인촌로27길 6, 2층 (안암동5가)"
모범음식점 취소업소,부뚜막애(愛)순두부 삼선교점,재지정 안됨,"서울특별시 성북구 삼선교로23길 7, (삼선동4가,(1층))"
모범음식점 취소업소,부뚜막애(愛)순두부 삼선교점,재지정 안됨,"서울특별시 성북구 삼선교로23길 7, (삼선동4가,(1층))"
모범음식점 취소업소,비단갈매기 담마,재지정 안됨,"서울특별시 성북구 삼선교로23길 7, (삼선동4가,(1층))"
모범음식점 취소업소,비단갈매기 담마,재지정 안됨,"서울특별시 성북구 삼선교로23길 7, (삼선동4가,(1층))"
모범음식점 취소업소,다미스카페,재지정 안됨,"서울특별시 성북구 성북로 13, (성북동1가)"
모범음식점 취소업소,다미스카페,재지정 안됨,"서울특별시 성북구 성북로 13, (성북동1가)"
모범음식점 취소업소,고기의잔치,재지정 안됨,"서울특별시 성북구 성북로 13, (성북동1가)"
모범음식점 취소업소,고기의잔치,재지정 안됨,"서울특별시 성북구 성북로 13, (성북동1가)"
모범음식점 취소업소,참맛집,재지정 안됨,"서울특별시 성북구 한천로 620, (장위동)"
모범음식점 취소업소,어바웃샤브돈암점,재지정 안됨,"서울특별시 성북구 북악산로 844, (돈암동, 브라운스톤돈암@상가 101호)"
모범음식점 취소업소,무쏘 월곡역점,재지정 안됨,"서울특별시 성북구 월곡로 108, (하월곡동,2층)"
모범음식점 취소업소,무쏘 월곡역점,재지정 안됨,"서울특별시 성북구 월곡로 108, (하월곡동,2층)"
모범음식점 취소업소,지호한방삼계탕(월곡역점),재지정 안됨,"서울특별시 성북구 월곡로 108, (하월곡동,2층)"
모범음식점 취소업소,지호한방삼계탕(월곡역점),재지정 안됨,"서울특별시 성북구 월곡로 108, (하월곡동,2층)"
모범음식점 취소업소,담소면옥,재지정 안됨,"서울특별시 성북구 솔샘로 71, (정릉동,1층)"
모범음식점 취소업소,담소면옥,재지정 안됨,"서울특별시 성북구 솔샘로 71, (정릉동,1층)"
모범음식점 취소업소,약산 전통육개장 흑염소 전문점,재지정 안됨,"서울특별시 성북구 솔샘로 71, (정릉동,1층)"
모범음식점 취소업소,약산 전통육개장 흑염소 전문점,재지정 안됨,"서울특별시 성북구 솔샘로 71, (정릉동,1층)"
모범음식점 취소업소,기찬 전통육개장 흑염소 전문점,재지정 안됨,"서울특별시 성북구 솔샘로 71, (정릉동,1층)"
모범음식점 취소업소,기찬 전통육개장 흑염소 전문점,재지정 안됨,"서울특별시 성북구 솔샘로 71, (정릉동,1층)"
모범음식점 취소업소,명동칼국수,재지정 안됨,"서울특별시 성북구 인촌로5길 87, 1층 (삼선동5가)"
모범음식점 취소업소,명동칼국수,재지정 안됨,"서울특별시 성북구 인촌로5길 87, 1층 (삼선동5가)"
모범음식점 취소업소,포앤시드니,재지정 안됨,"서울특별시 성북구 보문로34길 77, 2층 (동선동1가)"
모범음식점 취소업소,남촌갈비집,재지정 신청포기,"서울특별시 성북구 장월로1라길 3, (상월곡동,(1층))"
모범음식점 취소업소,남촌집,재지정 신청포기,"서울특별시 성북구 장월로1라길 3, (상월곡동,(1층))"
모범음식점 취소업소,심송갈비,재지정 신청포기,"서울특별시 성북구 보문로 185, (삼선동4가,(지상1층))"
모범음식점 취소업소,꽃중년 푸줏간,재지정 포기,"서울특별시 성북구 정릉로 240, (정릉동)"
모범음식점 취소업소,SELF 장어세상,재지정 포기,"서울특별시 성북구 정릉로 240, (정릉동)"
모범음식점 취소업소,SELF 장어세상,재지정 포기,"서울특별시 성북구 정릉로 240, (정릉동)"
모범음식점 취소업소,소한마리 정육식당 정릉점,재지정 포기,"서울특별시 성북구 정릉로 165, (정릉동,1~3층(3층134㎡))"
모범음식점 취소업소,꽃중년 푸줏간,재지정 포기,"서울특별시 성북구 정릉로 240, (정릉동)"
모범음식점 취소업소,원조나드리장터순대국,행정처분,"서울특별시 성북구 오패산로 22, (하월곡동)"
모범음식점 취소업소,원조나드리장터순대국,행정처분,"서울특별시 성북구 오패산로 22, (하월곡동)"
모범음식점 취소업소,지호한방삼계탕(미아점),행정처분,"서울특별시 성북구 월계로 14, (하월곡동)"
모범음식점 취소업소,육수당,,"서울특별시 성북구 보문로13나길 15, (보문동7가)"
모범음식점 취소업소,조마루감자탕,행정처분,"서울특별시 성북구 보문로 157, (삼선동5가)"
모범음식점 취소업소,화끈한동태요리집,재지정포기,"서울특별시 성북구 동소문로2길 51, (동소문동2가)"
모범음식점 취소업소,일번지정육식당 돌곶이점,,"서울특별시 성북구 화랑로 254, (석관동)"
모범음식점 취소업소,화끈한동태요리집,재지정포기,"서울특별시 성북구 동소문로2길 51, (동소문동2가)"
모범음식점 취소업소,녹천,재지정포기,"서울특별시 성북구 동소문로2길 51, (동소문동2가)"
모범음식점 취소업소,녹천,재지정포기,"서울특별시 성북구 동소문로2길 51, (동소문동2가)"
모범음식점 취소업소,식샤,점검불가,"서울특별시 성북구 성북로5길 15, 1층 (성북동1가)"
모범음식점 취소업소,자연밥상고기쌈밥전문점,지정기준미달,"서울특별시 성북구 성북로2길 24, (동소문동1가)"
모범음식점 취소업소,주식회사 국제 스카이웨이호텔 곰의집,점검불가,"서울특별시 성북구 북악산로 637, (성북동,,11,14)"
모범음식점 취소업소,야요리,점검불가,"서울특별시 성북구 성북로5길 15, 1층 (성북동1가)"
모범음식점 취소업소,식샤,점검불가,"서울특별시 성북구 성북로5길 15, 1층 (성북동1가)"
모범음식점 취소업소,야요리,점검불가,"서울특별시 성북구 성북로5길 15, 1층 (성북동1가)"
모범음식점 취소업소,설성,행정처분,"서울특별시 성북구 인촌로27길 6, 2층 (안암동5가)"
모범음식점 취소업소,설성,행정처분,"서울특별시 성북구 인촌로27길 6, 2층 (안암동5가)"
모범음식점 취소업소,콜렉티보 안암설성점,행정처분,"서울특별시 성북구 인촌로27길 6, 2층 (안암동5가)"
모범음식점 취소업소,콜렉티보 안암설성점,행정처분,"서울특별시 성북구 인촌로27길 6, 2층 (안암동5가)"
모범음식점 취소업소,육백집서울고깃집(한성대점),기준미흡(서울시위생등급평가),"서울특별시 성북구 삼선교로 6-1, 1층 (삼선동1가)"
모범음식점 취소업소,구백집,기준미흡(서울시위생등급평가),"서울특별시 성북구 삼선교로16길 22, (삼선동2가)"
모범음식점 취소업소,신천순대국,기준미흡(서울시위생등급평가),"서울특별시 성북구 동소문로20길 41, (동선동1가)"
모범음식점 취소업소,삼선,기준미흡(서울시위생등급평가),"서울특별시 성북구 삼선교로 6-1, 1층 (삼선동1가)"
모범음식점 취소업소,삼선,기준미흡(서울시위생등급평가),"서울특별시 성북구 삼선교로 6-1, 1층 (삼선동1가)"
모범음식점 취소업소,삼선,기준미흡(서울시위생등급평가),"서울특별시 성북구 삼선교로 6-1, 1층 (삼선동1가)"
모범음식점 취소업소,(주)길품에프엔비(서울고깃집),기준미흡(서울시위생등급평가),"서울특별시 성북구 삼선교로 6-1, 1층 (삼선동1가)"
모범음식점 취소업소,(주)길품에프엔비(서울고깃집),기준미흡(서울시위생등급평가),"서울특별시 성북구 삼선교로 6-1, 1층 (삼선동1가)"
모범음식점 취소업소,(주)길품에프엔비(서울고깃집),기준미흡(서울시위생등급평가),"서울특별시 성북구 삼선교로 6-1, 1층 (삼선동1가)"
모범음식점 취소업소,(주)길품에프엔비(육백집서울고깃집 한성대점),기준미흡(서울시위생등급평가),"서울특별시 성북구 삼선교로 6-1, 1층 (삼선동1가)"
모범음식점 취소업소,(주)길품에프엔비(육백집서울고깃집 한성대점),기준미흡(서울시위생등급평가),"서울특별시 성북구 삼선교로 6-1, 1층 (삼선동1가)"
모범음식점 취소업소,(주)길품에프엔비(육백집서울고깃집 한성대점),기준미흡(서울시위생등급평가),"서울특별시 성북구 삼선교로 6-1, 1층 (삼선동1가)"
모범음식점 취소업소,육백집서울고깃집(한성대점),기준미흡(서울시위생등급평가),"서울특별시 성북구 삼선교로 6-1, 1층 (삼선동1가)"
모범음식점 취소업소,육백집서울고깃집(한성대점),기준미흡(서울시위생등급평가),"서울특별시 성북구 삼선교로 6-1, 1층 (삼선동1가)"
모범음식점 취소업소,온달왕돈까스,지위승계,"서울특별시 성북구 동소문로20가길 4, (동선동1가)"
모범음식점 취소업소,종암식당,모범음식점 기준 미흡,
모범음식점 취소업소,광명수산,모범음식점 기준 미흡,"서울특별시 성북구 동소문로 125, (동선동4가,외2필지 골든타워103,104호)"
모범음식점 취소업소,낙지사랑,모범음식점 기준 미흡,"서울특별시 성북구 종암로 129, (종암동,(2층))"
모범음식점 취소업소,신천순대국,영업자지위승계,"서울특별시 성북구 동소문로20길 41, (동선동1가)"
모범음식점 취소업소,임금님설렁탕,기준미흡,"서울특별시 성북구 종암로22길 7, (종암동,1층)"
모범음식점 취소업소,원조나드리장터순대국,폐업예정,"서울특별시 성북구 오패산로 22, (하월곡동)"
모범음식점 취소업소,원조나드리장터순대국,폐업예정,"서울특별시 성북구 오패산로 22, (하월곡동)"
모범음식점 취소업소,두부촌맷돌할매숨두부,기준미흡,"서울특별시 성북구 안암로 43, (안암동5가)"
모범음식점 취소업소,두부촌맷돌할매숨두부,기준미흡,"서울특별시 성북구 안암로 43, (안암동5가)"
모범음식점 취소업소,100년설렁탕,지위승계,"서울특별시 성북구 삼선교로 38, (삼선동2가)"
모범음식점 취소업소,육수당,지위승계,"서울특별시 성북구 보문로13나길 15, (보문동7가)"
모범음식점 취소업소,내마음의 풍차,기준미흡,"서울특별시 성북구 종암로 107, (종암동)"
모범음식점 취소업소,피쉬마루,기준미흡,"서울특별시 성북구 화랑로40길 53, (석관동)"
모범음식점 취소업소,피쉬마루,기준미흡,"서울특별시 성북구 화랑로40길 53, (석관동)"
모범음식점 취소업소,남원추어탕,기준미흡,"서울특별시 성북구 돌곶이로28길 10, (장위동)"
모범음식점 취소업소,쌍둥이네고기집,기준미흡,"서울특별시 성북구 화랑로19길 73, (장위동)"
모범음식점 취소업소,삼홍생고기전문점,취소요구,"서울특별시 성북구 삼선교로 75, (삼선동4가)"
모범음식점 취소업소,유천 칡 냉면,기준미흡,"서울특별시 성북구 종암로 160, (하월곡동)"
모범음식점 취소업소,담소사골순대 월곡역점,기준미흡,"서울특별시 성북구 화랑로 102, (하월곡동)"
모범음식점 취소업소,성한가든,기준미흡,"서울특별시 성북구 삼선교로 40, 1층 (삼선동2가)"
모범음식점 취소업소,임금님설렁탕,기준미흡,"서울특별시 성북구 종암로22길 7, (종암동,1층)"
모범음식점 취소업소,숯불과 닭갈비,기준미흡,
모범음식점 취소업소,구미가,기준미흡,"서울특별시 성북구 장월로 136, (장위동)"
모범음식점 취소업소,고려성,기준미흡,"서울특별시 성북구 안암로 69-1, (안암동5가)"
모범음식점 취소업소,고려성,기준미흡,"서울특별시 성북구 안암로 69-1, (안암동5가)"
모범음식점 취소업소,뜨락,기준미흡,"서울특별시 성북구 지봉로24길 3, (보문동2가)"
모범음식점 취소업소,풍문,기준미흡,"서울특별시 성북구 종암로21길 15, (종암동)"
모범음식점 취소업소,남원추어탕,기준미흡,"서울특별시 성북구 장위로 93, (장위동)"
모범음식점 취소업소,대패꽃필무렵,기준미흡,"서울특별시 성북구 화랑로19길 73, (장위동)"
모범음식점 취소업소,대패꽃필무렵,기준미흡,"서울특별시 성북구 화랑로19길 73, (장위동)"
모범음식점 취소업소,쌍둥이네고기집,기준미흡,"서울특별시 성북구 화랑로19길 73, (장위동)"
모범음식점 취소업소,상해 손칼국수,영업자지위승계,"서울특별시 성북구 장월로1길 112, (하월곡동)"
모범음식점 취소업소,금테두른구공탄,영업자지위승계,"서울특별시 성북구 월곡로5길 63, (종암동)"
모범음식점 취소업소,옛날농장,행정처분(영업정지),"서울특별시 성북구 동소문로 325, (길음동)"
모범음식점 취소업소,그린피그왕갈비,기준미흡,"서울특별시 성북구 오패산로3길 5, (하월곡동,(지하1층,지상1,2층))"
모범음식점 취소업소,무교동낙지.해초나라,기준미흡,"서울특별시 성북구 화랑로 255-3, (장위동)"
모범음식점 취소업소,야야(YAYA),주류위주판매업소,"서울특별시 성북구 화랑로 103, (하월곡동,,17-9)"
모범음식점 취소업소,다감삼대국밥,기준미흡,"서울특별시 성북구 보국문로16길 10, (정릉동)"
모범음식점 취소업소,하남돼지집 정릉점,기준미흡,"서울특별시 성북구 정릉로 250, (정릉동,외5필지)"
모범음식점 취소업소,산천골양푼이동태요리전문점,기준미흡,"서울특별시 성북구 한천로76길 56, (석관동)"
모범음식점 취소업소,산천골양푼이동태요리전문점,기준미흡,"서울특별시 성북구 한천로78길 71, 선우빌딩 3층 (석관동)"
모범음식점 취소업소,태성식당,기준미흡,"서울특별시 성북구 화랑로33길 38, (장위동)"
모범음식점 취소업소,바다향,기준미흡,"서울특별시 성북구 보국문로 150, (정릉동)"
모범음식점 취소업소,청목,기준미흡,"서울특별시 성북구 화랑로21길 64, (상월곡동)"
모범음식점 취소업소,청목,기준미흡,"서울특별시 성북구 화랑로21길 64, (상월곡동)"
모범음식점 취소업소,한우궁,기준미흡,"서울특별시 성북구 보국문로16길 10, (정릉동)"
모범음식점 취소업소,한우궁,기준미흡,"서울특별시 성북구 보국문로16길 10, (정릉동)"
모범음식점 취소업소,곤지암한우소머리국밥 정릉점,기준미흡,"서울특별시 성북구 보국문로16길 10, (정릉동)"
모범음식점 취소업소,곤지암한우소머리국밥 정릉점,기준미흡,"서울특별시 성북구 보국문로16길 10, (정릉동)"
모범음식점 취소업소,다감삼대국밥,기준미흡,"서울특별시 성북구 보국문로16길 10, (정릉동)"
모범음식점 취소업소,청진동해장국,영업자지위승계,"서울특별시 성북구 정릉로44길 7, (돈암동,돈암현대아파트2블럭나동지하1층31호)"
모범음식점 취소업소,소울키친,영업자지위승계,"서울특별시 성북구 고려대로24길 58-5, (102-104, 106호) (안암동5가)"
모범음식점 취소업소,소울키친,영업자지위승계,"서울특별시 성북구 고려대로24길 58-5, (102-104, 106호) (안암동5가)"
모범음식점 취소업소,소울키친,영업자지위승계,"서울특별시 성북구 고려대로24길 58-5, (102-104, 106호) (안암동5가)"
모범음식점 취소업소,소울키친,영업자지위승계,"서울특별시 성북구 고려대로24길 58-5, (102-104, 106호) (안암동5가)"
모범음식점 취소업소,스시히카리,영업자지위승계,"서울특별시 성북구 정릉로 255-4, 1층 (정릉동)"
모범음식점 취소업소,춘자,행정처분,"서울특별시 성북구 인촌로26길 45-4, (안암동5가)"
모범음식점 취소업소,춘자,행정처분,"서울특별시 성북구 인촌로26길 45-4, (안암동5가)"
모범음식점 취소업소,춘자,행정처분,"서울특별시 성북구 인촌로26길 45-4, (안암동5가)"
모범음식점 취소업소,랍스타바다,행정처분,"서울특별시 성북구 인촌로26길 45-4, (안암동5가)"
모범음식점 취소업소,랍스타바다,행정처분,"서울특별시 성북구 인촌로26길 45-4, (안암동5가)"
모범음식점 취소업소,랍스타바다,행정처분,"서울특별시 성북구 인촌로26길 45-4, (안암동5가)"
모범음식점 취소업소,안암동닭한마리,영업자지위승계,"서울특별시 성북구 안암로 71, (안암동5가,1층)"
모범음식점 취소업소,안암동닭한마리,영업자지위승계,"서울특별시 성북구 안암로 71, (안암동5가,1층)"
모범음식점 취소업소,양산박,배달전문,"서울특별시 성북구 솔샘로24길 63, (정릉동)"
모범음식점 취소업소,미가,기준미흡,"서울특별시 성북구 종암로 37, (종암동,,57)"
모범음식점 취소업소,금한우,기준미흡,"서울특별시 성북구 고려대로7길 100, 1층 (동선동2가)"
모범음식점 취소업소,미가,기준미흡,"서울특별시 성북구 종암로21길 37, 1층 (종암동)"
모범음식점 취소업소,대돈단결,기준미흡,"서울특별시 성북구 고려대로7길 100, 1층 (동선동2가)"
모범음식점 취소업소,대돈단결,기준미흡,"서울특별시 성북구 고려대로7길 100, 1층 (동선동2가)"
모범음식점 취소업소,쉘브르,기준미흡,"서울특별시 성북구 종암로22길 21, (종암동,,222)"
모범음식점 취소업소,이가네정육식당,기준미흡,"서울특별시 성북구 숭인로 66-1, 1층 (길음동)"
모범음식점 취소업소,양지식당,혐오식품판매,"서울특별시 성북구 장월로 79, (장위동)"
모범음식점 취소업소,청송식당,기준미흡,"서울특별시 성북구 종암로 37, (종암동,,57)"
모범음식점 취소업소,키웨스트 커피,기준미흡,"서울특별시 성북구 보국문로16길 2, (정릉동)"
모범음식점 취소업소,청송식당,기준미흡,"서울특별시 성북구 종암로21길 37, 1층 (종암동)"
모범음식점 취소업소,두끼(성신여대점),기준미흡,
모범음식점 취소업소,금한우,기준미흡,"서울특별시 성북구 고려대로7길 100, 1층 (동선동2가)"
모범음식점 취소업소,고려한방삼계탕,영업자지위승계,"서울특별시 성북구 삼선교로 84, 1층 (삼선동5가)"
모범음식점 취소업소,서울닭한마리,영업자지위승계,"서울특별시 성북구 길음로 2, (길음동)"
모범음식점 취소업소,태조집 태조감자국 성신여대점,영업자지위승계,"서울특별시 성북구 보문로34길 43, (동선동1가)"
모범음식점 취소업소,태평양식당,영업자지위승계,"서울특별시 성북구 보국문로16길 74-1, (정릉동,,270-7,976-23,42)"
모범음식점 취소업소,곤지암소머리국밥,영업자지위승계,"서울특별시 성북구 보문로 141-2, 1층 (보문동2가)"
모범음식점 취소업소,곤지암소머리국밥,영업자지위승계,"서울특별시 성북구 솔샘로 5, (정릉동)"
모범음식점 취소업소,곤지암소머리국밥,영업자지위승계,"서울특별시 성북구 솔샘로 5, (정릉동)"
모범음식점 취소업소,망고치즈돈까스,영업자지위승계,"서울특별시 성북구 보문로 141-2, 1층 (보문동2가)"
모범음식점 취소업소,망고치즈돈까스,영업자지위승계,"서울특별시 성북구 보문로 141-2, 1층 (보문동2가)"
모범음식점 취소업소,망고치즈돈까스,영업자지위승계,"서울특별시 성북구 솔샘로 5, (정릉동)"
모범음식점 취소업소,망고치즈돈까스,영업자지위승계,"서울특별시 성북구 솔샘로 5, (정릉동)"
모범음식점 취소업소,망고치즈돈까스,영업자지위승계,"서울특별시 성북구 보문로 141-2, 1층 (보문동2가)"
모범음식점 취소업소,망고치즈돈까스,영업자지위승계,"서울특별시 성북구 보문로 141-2, 1층 (보문동2가)"
모범음식점 취소업소,망고치즈돈까스,영업자지위승계,"서울특별시 성북구 솔샘로 5, (정릉동)"
모범음식점 취소업소,망고치즈돈까스,영업자지위승계,"서울특별시 성북구 솔샘로 5, (정릉동)"
모범음식점 취소업소,망고치즈돈까스,영업자지위승계,"서울특별시 성북구 보문로 141-2, 1층 (보문동2가)"
모범음식점 취소업소,망고치즈돈까스,영업자지위승계,"서울특별시 성북구 보문로 141-2, 1층 (보문동2가)"
모범음식점 취소업소,망고치즈돈까스,영업자지위승계,"서울특별시 성북구 솔샘로 5, (정릉동)"
모범음식점 취소업소,망고치즈돈까스,영업자지위승계,"서울특별시 성북구 솔샘로 5, (정릉동)"
모범음식점 취소업소,망고치즈돈까스,영업자지위승계,"서울특별시 성북구 보문로 141-2, 1층 (보문동2가)"
모범음식점 취소업소,망고치즈돈까스,영업자지위승계,"서울특별시 성북구 보문로 141-2, 1층 (보문동2가)"
모범음식점 취소업소,망고치즈돈까스,영업자지위승계,"서울특별시 성북구 솔샘로 5, (정릉동)"
모범음식점 취소업소,망고치즈돈까스,영업자지위승계,"서울특별시 성북구 솔샘로 5, (정릉동)"
모범음식점 취소업소,정릉왕돈까스,영업자지위승계,"서울특별시 성북구 보문로 141-2, 1층 (보문동2가)"
모범음식점 취소업소,정릉왕돈까스,영업자지위승계,"서울특별시 성북구 보문로 141-2, 1층 (보문동2가)"
모범음식점 취소업소,정릉왕돈까스,영업자지위승계,"서울특별시 성북구 솔샘로 5, (정릉동)"
모범음식점 취소업소,정릉왕돈까스,영업자지위승계,"서울특별시 성북구 솔샘로 5, (정릉동)"
모범음식점 취소업소,정릉왕돈까스,영업자지위승계,"서울특별시 성북구 보문로 141-2, 1층 (보문동2가)"
모범음식점 취소업소,정릉왕돈까스,영업자지위승계,"서울특별시 성북구 보문로 141-2, 1층 (보문동2가)"
모범음식점 취소업소,정릉왕돈까스,영업자지위승계,"서울특별시 성북구 솔샘로 5, (정릉동)"
모범음식점 취소업소,정릉왕돈까스,영업자지위승계,"서울특별시 성북구 솔샘로 5, (정릉동)"
모범음식점 취소업소,정릉왕돈까스,영업자지위승계,"서울특별시 성북구 보문로 141-2, 1층 (보문동2가)"
모범음식점 취소업소,정릉왕돈까스,영업자지위승계,"서울특별시 성북구 보문로 141-2, 1층 (보문동2가)"
모범음식점 취소업소,정릉왕돈까스,영업자지위승계,"서울특별시 성북구 솔샘로 5, (정릉동)"
모범음식점 취소업소,정릉왕돈까스,영업자지위승계,"서울특별시 성북구 솔샘로 5, (정릉동)"
모범음식점 취소업소,정릉왕돈까스,영업자지위승계,"서울특별시 성북구 보문로 141-2, 1층 (보문동2가)"
모범음식점 취소업소,정릉왕돈까스,영업자지위승계,"서울특별시 성북구 보문로 141-2, 1층 (보문동2가)"
모범음식점 취소업소,정릉왕돈까스,영업자지위승계,"서울특별시 성북구 솔샘로 5, (정릉동)"
모범음식점 취소업소,정릉왕돈까스,영업자지위승계,"서울특별시 성북구 솔샘로 5, (정릉동)"
모범음식점 취소업소,정릉설렁탕,영업자지위승계,"서울특별시 성북구 보문로 141-2, 1층 (보문동2가)"
모범음식점 취소업소,정릉설렁탕,영업자지위승계,"서울특별시 성북구 보문로 141-2, 1층 (보문동2가)"
모범음식점 취소업소,정릉설렁탕,영업자지위승계,"서울특별시 성북구 솔샘로 5, (정릉동)"
모범음식점 취소업소,정릉설렁탕,영업자지위승계,"서울특별시 성북구 솔샘로 5, (정릉동)"
모범음식점 취소업소,정릉설렁탕,영업자지위승계,"서울특별시 성북구 보문로 141-2, 1층 (보문동2가)"
모범음식점 취소업소,정릉설렁탕,영업자지위승계,"서울특별시 성북구 보문로 141-2, 1층 (보문동2가)"
모범음식점 취소업소,정릉설렁탕,영업자지위승계,"서울특별시 성북구 솔샘로 5, (정릉동)"
모범음식점 취소업소,정릉설렁탕,영업자지위승계,"서울특별시 성북구 솔샘로 5, (정릉동)"
모범음식점 취소업소,정릉설렁탕,영업자지위승계,"서울특별시 성북구 보문로 141-2, 1층 (보문동2가)"
모범음식점 취소업소,정릉설렁탕,영업자지위승계,"서울특별시 성북구 보문로 141-2, 1층 (보문동2가)"
모범음식점 취소업소,정릉설렁탕,영업자지위승계,"서울특별시 성북구 솔샘로 5, (정릉동)"
모범음식점 취소업소,정릉설렁탕,영업자지위승계,"서울특별시 성북구 솔샘로 5, (정릉동)"
모범음식점 취소업소,정릉설렁탕,영업자지위승계,"서울특별시 성북구 보문로 141-2, 1층 (보문동2가)"
모범음식점 취소업소,정릉설렁탕,영업자지위승계,"서울특별시 성북구 보문로 141-2, 1층 (보문동2가)"
모범음식점 취소업소,정릉설렁탕,영업자지위승계,"서울특별시 성북구 솔샘로 5, (정릉동)"
모범음식점 취소업소,정릉설렁탕,영업자지위승계,"서울특별시 성북구 솔샘로 5, (정릉동)"
모범음식점 취소업소,옛날참숯화로구이,영업자지위승계,"서울특별시 성북구 보문로 141-2, 1층 (보문동2가)"
모범음식점 취소업소,옛날참숯화로구이,영업자지위승계,"서울특별시 성북구 보문로 141-2, 1층 (보문동2가)"
모범음식점 취소업소,옛날참숯화로구이,영업자지위승계,"서울특별시 성북구 솔샘로 5, (정릉동)"
모범음식점 취소업소,옛날참숯화로구이,영업자지위승계,"서울특별시 성북구 솔샘로 5, (정릉동)"
모범음식점 취소업소,옛날참숯화로구이,영업자지위승계,"서울특별시 성북구 보문로 141-2, 1층 (보문동2가)"
모범음식점 취소업소,옛날참숯화로구이,영업자지위승계,"서울특별시 성북구 보문로 141-2, 1층 (보문동2가)"
모범음식점 취소업소,옛날참숯화로구이,영업자지위승계,"서울특별시 성북구 솔샘로 5, (정릉동)"
모범음식점 취소업소,옛날참숯화로구이,영업자지위승계,"서울특별시 성북구 솔샘로 5, (정릉동)"
모범음식점 취소업소,옛날참숯화로구이,영업자지위승계,"서울특별시 성북구 보문로 141-2, 1층 (보문동2가)"
모범음식점 취소업소,옛날참숯화로구이,영업자지위승계,"서울특별시 성북구 보문로 141-2, 1층 (보문동2가)"
모범음식점 취소업소,옛날참숯화로구이,영업자지위승계,"서울특별시 성북구 솔샘로 5, (정릉동)"
모범음식점 취소업소,옛날참숯화로구이,영업자지위승계,"서울특별시 성북구 솔샘로 5, (정릉동)"
모범음식점 취소업소,옛날참숯화로구이,영업자지위승계,"서울특별시 성북구 보문로 141-2, 1층 (보문동2가)"
모범음식점 취소업소,옛날참숯화로구이,영업자지위승계,"서울특별시 성북구 보문로 141-2, 1층 (보문동2가)"
모범음식점 취소업소,옛날참숯화로구이,영업자지위승계,"서울특별시 성북구 솔샘로 5, (정릉동)"
모범음식점 취소업소,옛날참숯화로구이,영업자지위승계,"서울특별시 성북구 솔샘로 5, (정릉동)"
모범음식점 취소업소,이웃사촌,영업자지위승계,"서울특별시 성북구 화랑로 280, (석관동)"
모범음식점 취소업소,곤지암소머리국밥,영업자지위승계,"서울특별시 성북구 보문로 141-2, 1층 (보문동2가)"
모범음식점 취소업소,곤지암소머리국밥,영업자지위승계,"서울특별시 성북구 보문로 141-2, 1층 (보문동2가)"
모범음식점 취소업소,곤지암소머리국밥,영업자지위승계,"서울특별시 성북구 솔샘로 5, (정릉동)"
모범음식점 취소업소,곤지암소머리국밥,영업자지위승계,"서울특별시 성북구 솔샘로 5, (정릉동)"
모범음식점 취소업소,곤지암소머리국밥,영업자지위승계,"서울특별시 성북구 보문로 141-2, 1층 (보문동2가)"
모범음식점 취소업소,곤지암소머리국밥,영업자지위승계,"서울특별시 성북구 보문로 141-2, 1층 (보문동2가)"
모범음식점 취소업소,곤지암소머리국밥,영업자지위승계,"서울특별시 성북구 솔샘로 5, (정릉동)"
모범음식점 취소업소,곤지암소머리국밥,영업자지위승계,"서울특별시 성북구 솔샘로 5, (정릉동)"
모범음식점 취소업소,곤지암소머리국밥,영업자지위승계,"서울특별시 성북구 보문로 141-2, 1층 (보문동2가)"
모범음식점 취소업소,곤지암소머리국밥,영업자지위승계,"서울특별시 성북구 보문로 141-2, 1층 (보문동2가)"
모범음식점 취소업소,곤지암소머리국밥,영업자지위승계,"서울특별시 성북구 솔샘로 5, (정릉동)"
모범음식점 취소업소,곤지암소머리국밥,영업자지위승계,"서울특별시 성북구 솔샘로 5, (정릉동)"
모범음식점 취소업소,곤지암소머리국밥,영업자지위승계,"서울특별시 성북구 보문로 141-2, 1층 (보문동2가)"
모범음식점 취소업소,이찌방,영업자지위승계,"서울특별시 성북구 동소문로20길 37-11, 1층 (동선동1가)"
모범음식점 취소업소,사보텐현대미아점,영업자지위승계,"서울특별시 성북구 동소문로 315, (길음동,현대백화점)"
모범음식점 취소업소,또오리다시오리,영업자지위승계,"서울특별시 성북구 화랑로40길 41, (석관동,1층)"
모범음식점 취소업소,더오리다시오리,영업자지위승계,"서울특별시 성북구 화랑로40길 41, (석관동,1층)"
모범음식점 취소업소,만남의광장,영업자지위승계,"서울특별시 성북구 고려대로26길 9, 1층 (안암동5가)"
모범음식점 취소업소,만남의광장,영업자지위승계,"서울특별시 성북구 고려대로26길 9, 1층 (안암동5가)"
모범음식점 취소업소,만남의광장,영업자지위승계,"서울특별시 성북구 고려대로26길 9, 1층 (안암동5가)"
모범음식점 취소업소,쿠마(KUMA),영업자지위승계,"서울특별시 성북구 고려대로26길 9, 1층 (안암동5가)"
모범음식점 취소업소,쿠마(KUMA),영업자지위승계,"서울특별시 성북구 고려대로26길 9, 1층 (안암동5가)"
모범음식점 취소업소,쿠마(KUMA),영업자지위승계,"서울특별시 성북구 고려대로26길 9, 1층 (안암동5가)"
모범음식점 취소업소,채화정&청정,영업자지위승계,"서울특별시 성북구 오패산로3길 9, (하월곡동)"
모범음식점 취소업소,채화정,영업자지위승계,"서울특별시 성북구 오패산로3길 9, (하월곡동)"
모범음식점 취소업소,보보,영업자지위승계,"서울특별시 성북구 월계로 172, 소산빌딩 7층 (장위동)"
모범음식점 취소업소,보보,영업자지위승계,"서울특별시 성북구 월계로 172, 소산빌딩 7층 (장위동)"
모범음식점 취소업소,BOBO & Bon appetit(보보 & 보네삐따),영업자지위승계,"서울특별시 성북구 월계로 172, 소산빌딩 7층 (장위동)"
모범음식점 취소업소,BOBO & Bon appetit(보보 & 보네삐따),영업자지위승계,"서울특별시 성북구 월계로 172, 소산빌딩 7층 (장위동)"
모범음식점 취소업소,와라와라숯불꼬치,영업자지위승계,"서울특별시 성북구 장위로 90, (장위동)"
모범음식점 취소업소,꽃돼지갤러리성신여대점,영업자지위승계,"서울특별시 성북구 동소문로20가길 36, (동선동1가)"
모범음식점 취소업소,꽃돼지갤러리성신여대점,영업자지위승계,"서울특별시 성북구 동소문로20가길 36, (동선동1가)"
모범음식점 취소업소,손가네,행정처분,"서울특별시 성북구 삼양로 26, (길음동)"
모범음식점 취소업소,서강껍데기 성신여대점,영업자지위승계,"서울특별시 성북구 보문로30길 29, 1층 (동선동2가)"
모범음식점 취소업소,큰집삼겹살,영업자지위승계,"서울특별시 성북구 돌곶이로 117, (장위동)"
모범음식점 취소업소,갤러리카페테르틴,영업자지위승계,"서울특별시 성북구 보문로32길 31, (동선동2가)"
모범음식점 취소업소,안식당,영업자지위승계,"서울특별시 성북구 보문로32길 31, (동선동2가)"
모범음식점 취소업소,안식당,영업자지위승계,"서울특별시 성북구 보문로32길 31, (동선동2가)"
모범음식점 취소업소,갤러리카페테르틴,영업자지위승계,"서울특별시 성북구 보문로32길 31, (동선동2가)"
모범음식점 취소업소,세꼬시,영업자지위승계,
모범음식점 취소업소,푸드카페앤그릴,영업자지위승계,"서울특별시 성북구 북악산로 637, (성북동,145-117)"
모범음식점 취소업소,일번지정육식당 돌곶이점,영업자지위승계,"서울특별시 성북구 화랑로 254, (석관동)"
모범음식점 취소업소,동대문 엽기 떡볶이,영업자지위승계,"서울특별시 성북구 화랑로33길 39, (장위동,,63-144,145,66-8,366,368)"
모범음식점 취소업소,갈비명가이상(길음신관),영업자지위승계,"서울특별시 성북구 정릉로 395, (하월곡동)"
모범음식점 취소업소,콜렉티보 안암설성점,영업자지위승계,"서울특별시 성북구 인촌로27길 6, 2층 (안암동5가)"
모범음식점 취소업소,콜렉티보 안암설성점,영업자지위승계,"서울특별시 성북구 인촌로27길 6, 2층 (안암동5가)"
모범음식점 취소업소,설성,영업자지위승계,"서울특별시 성북구 인촌로27길 6, 2층 (안암동5가)"
모범음식점 취소업소,설성,영업자지위승계,"서울특별시 성북구 인촌로27길 6, 2층 (안암동5가)"
모범음식점 취소업소,큰집삼겹살,영업자지위승계,"서울특별시 성북구 돌곶이로 117, (장위동)"
모범음식점 취소업소,전통만두국,영업자지위승계,"서울특별시 성북구 인촌로8길 67, (안암동3가)"
모범음식점 취소업소,무교동낙지.해초나라,영업자지위승계,"서울특별시 성북구 화랑로 255-3, (장위동)"
모범음식점 취소업소,남원추어탕,영업자지위승계,"서울특별시 성북구 돌곶이로28길 10, (장위동)"
모범음식점 취소업소,야끼반자이,영업자지위승계,"서울특별시 성북구 동소문로20가길 24, (동선동1가)"
모범음식점 취소업소,야끼반자이,영업자지위승계,"서울특별시 성북구 동소문로20가길 24, (동선동1가)"
모범음식점 취소업소,1943 성신여대점,영업자지위승계,"서울특별시 성북구 동소문로20가길 24, (동선동1가)"
모범음식점 취소업소,1943 성신여대점,영업자지위승계,"서울특별시 성북구 동소문로20가길 24, (동선동1가)"
모범음식점 취소업소,한방닭한마리,영업자지위승계,"서울특별시 성북구 한천로78길 63, (석관동)"
모범음식점 취소업소,임금님설렁탕,영업자지위승계,"서울특별시 성북구 종암로22길 7, (종암동,1층)"
모범음식점 취소업소,키웨스트 커피,영업자지위승계,"서울특별시 성북구 보국문로16길 2, (정릉동)"
모범음식점 취소업소,메밀촌,영업자지위승계,"서울특별시 성북구 화랑로25길 17, (상월곡동)"
모범음식점 취소업소,메밀촌,영업자지위승계,"서울특별시 성북구 화랑로25길 17, (상월곡동)"
모범음식점 취소업소,내마음의 풍차,영업자지위승계,"서울특별시 성북구 종암로 107, (종암동)"
모범음식점 취소업소,두부촌맷돌할매숨두부,영업자지위승계,"서울특별시 성북구 안암로 43, (안암동5가)"
모범음식점 취소업소,두부촌맷돌할매숨두부,영업자지위승계,"서울특별시 성북구 안암로 43, (안암동5가)"
